_source_file,ack_flag_cnt,ack_flag_count,active_max,active_mean,active_min,active_std,average_packet_size,avg_bwd_segment_size,avg_fwd_segment_size,bwd_avg_bulk_rate,bwd_avg_bytes_bulk,bwd_avg_packets_bulk,bwd_blk_rate_avg,bwd_byts_b_avg,bwd_header_len,bwd_header_length,bwd_iat_max,bwd_iat_mean,bwd_iat_min,bwd_iat_std,bwd_iat_tot,bwd_iat_total,bwd_packet_length_max,bwd_packet_length_mean,bwd_packet_length_min,bwd_packet_length_std,bwd_packets_s,bwd_pkt_len_max,bwd_pkt_len_mean,bwd_pkt_len_min,bwd_pkt_len_std,bwd_pkts_s,bwd_psh_flags,bwd_seg_size_avg,bwd_urg_flags,cwe_flag_count,down_up_ratio,dst_port,ece_flag_cnt,ece_flag_count,fin_flag_cnt,fin_flag_count,flow_bytes_s,flow_byts_s,flow_duration,flow_iat_max,flow_iat_mean,flow_iat_min,flow_iat_std,flow_packets_s,flow_pkts_s,fwd_act_data_pkts,fwd_avg_bulk_rate,fwd_avg_bytes_bulk,fwd_avg_packets_bulk,fwd_blk_rate_avg,fwd_byts_b_avg,fwd_header_len,fwd_header_length,fwd_header_length1,fwd_iat_max,fwd_iat_mean,fwd_iat_min,fwd_iat_std,fwd_iat_tot,fwd_iat_total,fwd_packet_length_max,fwd_packet_length_mean,fwd_packet_length_min,fwd_packet_length_std,fwd_packets_s,fwd_pkt_len_max,fwd_pkt_len_mean,fwd_pkt_len_min,fwd_pkt_len_std,fwd_pkts_b_avg,fwd_pkts_s,fwd_psh_flags,fwd_seg_size_avg,fwd_seg_size_min,fwd_urg_flags,idle_max,idle_mean,idle_min,idle_std,inbound,init_bwd_win_byts,init_fwd_win_byts,init_win_bytes_forward,label,max_packet_length,min_packet_length,packet_length_mean,packet_length_std,packet_length_variance,pkt_len_max,pkt_len_mean,pkt_len_min,pkt_len_std,pkt_len_var,pkt_size_avg,protocol,psh_flag_cnt,psh_flag_count,rst_flag_cnt,rst_flag_count,subflow_bwd_bytes,subflow_bwd_byts,subflow_bwd_packets,subflow_bwd_pkts,subflow_fwd_bytes,subflow_fwd_byts,subflow_fwd_packets,subflow_fwd_pkts,syn_flag_cnt,syn_flag_count,timestamp,tot_bwd_pkts,tot_fwd_pkts,total_backward_packets,total_fwd_packets,total_length_of_bwd_packets,total_length_of_fwd_packets,totlen_bwd_pkts,totlen_fwd_pkts,urg_flag_cnt,urg_flag_count
CICD_DOS.csv,0.0,,0.0,0.0,0.0,0.0,,,,,,,0.0,0.0,8.0,,0.0,0.0,0.0,0.0,0.0,,,,,,,100.0,100.0,100.0,0.0,1529.051988,0.0,100.0,0.0,0.0,1.0,53.0,0.0,,0.0,,,220183.0,654.0,654.0,654.0,654.0,0.0,,3058.0,0.0,,,,0.0,0.0,8.0,,,0.0,0.0,0.0,0.0,0.0,,,,,,,44.0,44.0,44.0,0.0,0.0,1529.051988,0.0,44.0,8.0,0.0,0.0,0.0,0.0,0.0,,-1.0,-1.0,,Infilteration,,,,,,100.0,62.66666667,44.0,32.33161507,1045.333333,94.0,17.0,0.0,,0.0,,,100.0,,1.0,,44.0,,1.0,0.0,,54.0,1.0,1.0,,,,,100.0,44.0,0.0,
CICD_DOS.csv,0.0,,0.0,0.0,0.0,0.0,,,,,,,0.0,0.0,52.0,,104460.0,104460.0,104460.0,0.0,104460.0,,,,,,,0.0,0.0,0.0,0.0,19.138206558663388,0.0,0.0,0.0,0.0,1.0,3389.0,1.0,,0.0,,,0.0,104503.0,104006.0,34834.33333333333,43.0,59904.77303465337,,38.0,0.0,,,,0.0,0.0,52.0,,,104049.0,104049.0,104049.0,0.0,104049.0,,,,,,,0.0,0.0,0.0,0.0,0.0,19.138206558663388,0.0,0.0,20.0,0.0,0.0,0.0,0.0,0.0,,64000.0,8192.0,,Benign,,,,,,0.0,0.0,0.0,0.0,0.0,0.0,6.0,1.0,,1.0,,,0.0,,2.0,,0.0,,2.0,0.0,,34687.0,2.0,2.0,,,,,0.0,0.0,0.0,
CICD_DOS.csv,1.0,,0.0,0.0,0.0,0.0,,,,,,,0.0,0.0,0.0,,0.0,0.0,0.0,0.0,0.0,,,,,,,0.0,0.0,0.0,0.0,0.0,0.0,0.0,0.0,0.0,0.0,80.0,0.0,,0.0,,,0.0,1445.0,1445.0,1445.0,1445.0,0.0,,1384.0,0.0,,,,0.0,0.0,64.0,,,1445.0,1445.0,1445.0,0.0,1445.0,,,,,,,0.0,0.0,0.0,0.0,0.0,1384.083045,0.0,0.0,32.0,0.0,0.0,0.0,0.0,0.0,,-1.0,225.0,,DoS,,,,,,0.0,0.0,0.0,0.0,0.0,0.0,6.0,0.0,,0.0,,,0.0,,0.0,,0.0,,2.0,0.0,,203.0,0.0,2.0,,,,,0.0,0.0,0.0,
CICD_DOS.csv,0.0,,0.0,0.0,0.0,0.0,,,,,,,0.0,0.0,92.0,,11373.0,6432.666667,19.0,5818.62203,19298.0,,,,,,,935.0,233.75,0.0,467.5,207.2216754,0.0,233.75,0.0,0.0,1.0,80.0,1.0,,0.0,,,62321.0,19303.0,11045.0,3217.166667,3.0,4949.786113,,362.0,1.0,,,,0.0,0.0,72.0,,,11045.0,5687.5,330.0,7576.64916,11375.0,,,,,,,268.0,89.33333333,0.0,154.7298721,0.0,155.4162565,0.0,89.33333333,20.0,0.0,0.0,0.0,0.0,0.0,,219.0,65535.0,,DDoS,,,,,,935.0,150.375,0.0,330.6158485,109306.8393,171.8571429,6.0,1.0,,1.0,,,935.0,,4.0,,268.0,,3.0,0.0,,170.0,4.0,3.0,,,,,935.0,268.0,0.0,
CICD_DOS.csv,0.0,,0.0,0.0,0.0,0.0,,,,,,,0.0,0.0,8.0,,0.0,0.0,0.0,0.0,0.0,,,,,,,60.0,60.0,60.0,0.0,4761.904762,0.0,60.0,0.0,0.0,1.0,53.0,0.0,,0.0,,,495238.0,210.0,210.0,210.0,210.0,0.0,,9523.0,0.0,,,,0.0,0.0,8.0,,,0.0,0.0,0.0,0.0,0.0,,,,,,,44.0,44.0,44.0,0.0,0.0,4761.904762,0.0,44.0,8.0,0.0,0.0,0.0,0.0,0.0,,-1.0,-1.0,,Infilteration,,,,,,60.0,49.33333333,44.0,9.237604307,85.33333333,74.0,17.0,0.0,,0.0,,,60.0,,1.0,,44.0,,1.0,0.0,,567.0,1.0,1.0,,,,,60.0,44.0,0.0,
CICD_DOS.csv,0.0,,0.0,0.0,0.0,0.0,,,,,,,0.0,0.0,8.0,,0.0,0.0,0.0,0.0,0.0,,,,,,,98.0,98.0,98.0,0.0,3164.5569620253,0.0,98.0,0.0,0.0,1.0,53.0,0.0,,0.0,,,417721.0,316.0,316.0,316.0,316.0,0.0,,6329.0,0.0,,,,0.0,0.0,8.0,,,0.0,0.0,0.0,0.0,0.0,,,,,,,34.0,34.0,34.0,0.0,0.0,3164.5569620253,0.0,34.0,8.0,0.0,0.0,0.0,0.0,0.0,,-1.0,-1.0,,Benign,,,,,,98.0,55.3333333333,34.0,36.9504172281,1365.3333333333,83.0,17.0,0.0,,0.0,,,98.0,,1.0,,34.0,,1.0,0.0,,11118.0,1.0,1.0,,,,,98.0,34.0,0.0,
CICD_DOS_2019.csv,,1.0,102.0,93.0,79.0,12.288205727444508,6.375,6.0,6.0,0.0,0.0,0.0,,,,120.0,1.9804392E7,5516667.0,1.0,8668290.110189004,,2.7583335E7,6.0,6.0,6.0,0.0,0.1224491820078314,,,,,,0.0,,0.0,0.0,0.0,,,0.0,,0.0,1.959186912125304,,4.8999919E7,2.1416486E7,3266661.266666666,0.0,6417592.322353628,0.3265311520208839,,,0.0,0.0,0.0,,,,200.0,200.0,2.1416564E7,5444435.444444444,0.0,7663976.681100895,,4.8999919E7,6.0,6.0,6.0,0.0,0.2040819700130524,,,,,,,0.0,,,0.0,2.1416486E7,1.224990975E7,6632495.0,6743437.771575238,1.0,,,5840.0,Syn,6.0,6.0,6.0,0.0,0.0,,,,,,,6.0,,0.0,,0.0,36.0,,6.0,,60.0,,10.0,,,0.0,,,,6.0,10.0,36.0,60.0,,,,0.0
CICD_DOS_2019.csv,,1.0,102.0,38.0,1.0,48.076328201447886,6.5,6.0,6.0,0.0,0.0,0.0,,,,40.0,1.0,1.0,1.0,0.0,,1.0,6.0,6.0,6.0,0.0,0.0314533869376631,,,,,,0.0,,0.0,0.0,0.0,,,0.0,,0.0,1.1323219297558744,,6.3586157E7,2.3748587E7,5780559.727272728,1.0,8843965.373108378,0.188720321625979,,,0.0,0.0,0.0,,,,200.0,200.0,2.3748587E7,7065128.555555556,1.0,9357331.44787992,,6.3586157E7,6.0,6.0,6.0,0.0,0.1572669346883158,,,,,,,0.0,,,0.0,2.3748587E7,1.5896501E7,7172119.0,6805043.164061391,1.0,,,5840.0,Syn,6.0,6.0,6.0,0.0,0.0,,,,,,,6.0,,0.0,,0.0,12.0,,2.0,,60.0,,10.0,,,0.0,,,,2.0,10.0,12.0,60.0,,,,0.0
CICD_DOS.csv,0.0,,0.0,0.0,0.0,0.0,,,,,,,0.0,0.0,20.0,,0.0,0.0,0.0,0.0,0.0,,,,,,,0.0,0.0,0.0,0.0,37037.03704,0.0,0.0,0.0,0.0,1.0,21.0,0.0,,0.0,,,0.0,27.0,27.0,27.0,27.0,0.0,,74074.0,0.0,,,,0.0,0.0,40.0,,,0.0,0.0,0.0,0.0,0.0,,,,,,,0.0,0.0,0.0,0.0,0.0,37037.03704,0.0,0.0,40.0,0.0,0.0,0.0,0.0,0.0,,0.0,26883.0,,DoS,,,,,,0.0,0.0,0.0,0.0,0.0,0.0,6.0,1.0,,0.0,,,0.0,,1.0,,0.0,,1.0,0.0,,1125.0,1.0,1.0,,,,,0.0,0.0,0.0,
CICD_DOS_2019.csv,,1.0,101.0,43.14285714285714,1.0,42.215433873677725,6.25,6.0,6.0,0.0,0.0,0.0,,,,160.0,8472682.0,2961360.571428572,0.0,3808578.936409434,,2.0729524E7,6.0,6.0,6.0,0.0,0.1154770147621196,,,,,,0.0,,0.0,0.0,0.0,,,0.0,,0.0,2.0785862657181537,,6.9277856E7,1.891696E7,3012080.695652173,0.0,5247883.0355635565,0.3464310442863589,,,0.0,0.0,0.0,,,,320.0,320.0,1.891696E7,4618523.733333333,0.0,5943779.73216778,,6.9277856E7,6.0,6.0,6.0,0.0,0.2309540295242393,,,,,,,0.0,,,0.0,1.891696E7,9896793.285714284,5257158.0,4635568.1258918615,1.0,,,5840.0,Syn,6.0,6.0,6.0,0.0,0.0,,,,,,,6.0,,0.0,,0.0,48.0,,8.0,,96.0,,16.0,,,0.0,,,,8.0,16.0,48.0,96.0,,,,0.0
CICD_DOS.csv,0.0,,0.0,0.0,0.0,0.0,,,,,,,0.0,0.0,712.0,,96518.0,14196.380952381,13.0,29303.6685237125,298124.0,,,,,,,976.0,121.1363636364,0.0,258.6415602914,73.791331531,0.0,121.1363636364,0.0,0.0,1.0,22.0,0.0,,0.0,,,15459.0,298138.0,73505.0,6933.4418604651,4.0,16617.6053519586,,147.0,16.0,,,,0.0,0.0,712.0,,,73505.0,14173.8571428571,316.0,23052.800693811,297651.0,,,,,,,640.0,88.3636363636,0.0,137.8690011274,0.0,73.791331531,0.0,88.3636363636,32.0,0.0,0.0,0.0,0.0,0.0,,230.0,26883.0,,Bruteforce,,,,,,976.0,102.4222222222,0.0,203.7441007388,41511.6585858586,104.75,6.0,1.0,,0.0,,,2665.0,,22.0,,1944.0,,22.0,0.0,,4667.0,22.0,22.0,,,,,2665.0,1944.0,0.0,
CICD_DOS.csv,1.0,,0.0,0.0,0.0,0.0,,,,,,,0.0,0.0,0.0,,0.0,0.0,0.0,0.0,0.0,,,,,,,0.0,0.0,0.0,0.0,0.0,0.0,0.0,0.0,0.0,0.0,80.0,0.0,,0.0,,,0.0,1.600222E7,1.600222E7,1.600222E7,1.600222E7,0.0,,0.0,0.0,,,,0.0,0.0,64.0,,,1.600222E7,1.600222E7,1.600222E7,0.0,1.600222E7,,,,,,,0.0,0.0,0.0,0.0,0.0,0.1249826587,0.0,0.0,32.0,0.0,1.600222E7,1.600222E7,1.600222E7,0.0,,-1.0,226.0,,DoS,,,,,,0.0,0.0,0.0,0.0,0.0,0.0,6.0,0.0,,0.0,,,0.0,,0.0,,0.0,,2.0,0.0,,22695.0,0.0,2.0,,,,,0.0,0.0,0.0,
CICD_DOS.csv,0.0,,0.0,0.0,0.0,0.0,,,,,,,0.0,0.0,20.0,,0.0,0.0,0.0,0.0,0.0,,,,,,,0.0,0.0,0.0,0.0,1000000.0,0.0,0.0,0.0,0.0,1.0,21.0,0.0,,0.0,,,0.0,1.0,1.0,1.0,1.0,0.0,,2000000.0,0.0,,,,0.0,0.0,40.0,,,0.0,0.0,0.0,0.0,0.0,,,,,,,0.0,0.0,0.0,0.0,0.0,1000000.0,0.0,0.0,40.0,0.0,0.0,0.0,0.0,0.0,,0.0,26883.0,,Bruteforce,,,,,,0.0,0.0,0.0,0.0,0.0,0.0,6.0,1.0,,0.0,,,0.0,,1.0,,0.0,,1.0,0.0,,27405.0,1.0,1.0,,,,,0.0,0.0,0.0,
CICD_DOS_2019.csv,,1.0,53.0,18.333333333333336,1.0,30.02221399786054,6.6,6.0,6.0,0.0,0.0,0.0,,,,40.0,1.0,1.0,1.0,0.0,,1.0,6.0,6.0,6.0,0.0,0.0363111746387215,,,,,,0.0,,0.0,0.0,0.0,,,0.0,,0.0,1.0893352391616455,,5.5079463E7,2.7941154E7,6119940.333333332,1.0,1.0318155566697698E7,0.1815558731936075,,,0.0,0.0,0.0,,,,160.0,160.0,2.7941154E7,7868494.714285713,1.0,1.1220562857507056E7,,5.5079463E7,6.0,6.0,6.0,0.0,0.145244698554886,,,,,,,0.0,,,0.0,2.7941154E7,1.835980233333333E7,9105539.0,9422066.55625019,1.0,,,5840.0,Syn,6.0,6.0,6.0,0.0,0.0,,,,,,,6.0,,0.0,,0.0,12.0,,2.0,,48.0,,8.0,,,0.0,,,,2.0,8.0,12.0,48.0,,,,0.0
CICD_DOS.csv,0.0,,0.0,0.0,0.0,0.0,,,,,,,0.0,0.0,32.0,,0.0,0.0,0.0,0.0,0.0,,,,,,,0.0,0.0,0.0,0.0,3.755092844670585,0.0,0.0,0.0,0.0,0.0,445.0,0.0,,0.0,,,0.0,266305.0,266155.0,88768.33333333334,69.0,153621.35974314684,,15.0,0.0,,,,0.0,0.0,72.0,,,266224.0,133152.5,81.0,188191.5200653313,266305.0,,,,,,,0.0,0.0,0.0,0.0,0.0,11.265278534011752,0.0,0.0,20.0,0.0,0.0,0.0,0.0,0.0,,8192.0,8192.0,,Benign,,,,,,0.0,0.0,0.0,0.0,0.0,0.0,6.0,1.0,,0.0,,,0.0,,1.0,,0.0,,3.0,0.0,,24549.0,1.0,3.0,,,,,0.0,0.0,0.0,
CICD_DOS.csv,1.0,,0.0,0.0,0.0,0.0,,,,,,,0.0,0.0,0.0,,0.0,0.0,0.0,0.0,0.0,,,,,,,0.0,0.0,0.0,0.0,0.0,0.0,0.0,0.0,0.0,0.0,80.0,0.0,,0.0,,,0.0,2675.0,2675.0,2675.0,2675.0,0.0,,747.0,0.0,,,,0.0,0.0,64.0,,,2675.0,2675.0,2675.0,0.0,2675.0,,,,,,,0.0,0.0,0.0,0.0,0.0,747.6635514,0.0,0.0,32.0,0.0,0.0,0.0,0.0,0.0,,-1.0,225.0,,DoS,,,,,,0.0,0.0,0.0,0.0,0.0,0.0,6.0,0.0,,0.0,,,0.0,,0.0,,0.0,,2.0,0.0,,173.0,0.0,2.0,,,,,0.0,0.0,0.0,
CICD_DOS_2019.csv,,0.0,0.0,0.0,0.0,0.0,442.0,0.0,359.5,0.0,0.0,0.0,,,,0.0,0.0,0.0,0.0,0.0,,0.0,0.0,0.0,0.0,0.0,0.0,,,,,,0.0,,0.0,0.0,0.0,,,0.0,,0.0,13227.002216764628,,108717.0,108714.0,36239.0,1.0,62765.19114126874,36.7927738992062,,,0.0,0.0,0.0,,,,0.0,0.0,108714.0,36239.0,1.0,62765.19114126874,,108717.0,389.0,359.5,330.0,34.06366588218791,36.7927738992062,,,,,,,0.0,,,0.0,0.0,0.0,0.0,0.0,1.0,,,-1.0,UDP,389.0,330.0,353.6,32.3156308928048,1044.3,,,,,,,17.0,,0.0,,0.0,0.0,,0.0,,1438.0,,4.0,,,0.0,,,,0.0,4.0,0.0,1438.0,,,,0.0
CICD_DOS.csv,0.0,,0.0,0.0,0.0,0.0,,,,,,,0.0,0.0,20.0,,0.0,0.0,0.0,0.0,0.0,,,,,,,0.0,0.0,0.0,0.0,1000000.0,0.0,0.0,0.0,0.0,1.0,49153.0,0.0,,0.0,,,0.0,1.0,1.0,1.0,1.0,0.0,,2000000.0,0.0,,,,0.0,0.0,24.0,,,0.0,0.0,0.0,0.0,0.0,,,,,,,0.0,0.0,0.0,0.0,0.0,1000000.0,0.0,0.0,24.0,0.0,0.0,0.0,0.0,0.0,,0.0,1024.0,,Infilteration,,,,,,0.0,0.0,0.0,0.0,0.0,0.0,6.0,1.0,,0.0,,,0.0,,1.0,,0.0,,1.0,0.0,,2808.0,1.0,1.0,,,,,0.0,0.0,0.0,
CICD_DOS.csv,1.0,,0.0,0.0,0.0,0.0,,,,,,,0.0,0.0,0.0,,0.0,0.0,0.0,0.0,0.0,,,,,,,0.0,0.0,0.0,0.0,0.0,0.0,0.0,0.0,0.0,0.0,8080.0,0.0,,0.0,,,0.0,490.0,490.0,490.0,490.0,0.0,,4081.0,0.0,,,,0.0,0.0,40.0,,,490.0,490.0,490.0,0.0,490.0,,,,,,,0.0,0.0,0.0,0.0,0.0,4081.632653,0.0,0.0,20.0,0.0,0.0,0.0,0.0,0.0,,-1.0,2052.0,,Bot,,,,,,0.0,0.0,0.0,0.0,0.0,0.0,6.0,0.0,,0.0,,,0.0,,0.0,,0.0,,2.0,0.0,,4830.0,0.0,2.0,,,,,0.0,0.0,0.0,
CICD_DOS.csv,1.0,,0.0,0.0,0.0,0.0,,,,,,,0.0,0.0,0.0,,0.0,0.0,0.0,0.0,0.0,,,,,,,0.0,0.0,0.0,0.0,0.0,0.0,0.0,0.0,0.0,0.0,80.0,0.0,,0.0,,,0.0,15433.0,15433.0,15433.0,15433.0,0.0,,129.0,0.0,,,,0.0,0.0,40.0,,,15433.0,15433.0,15433.0,0.0,15433.0,,,,,,,0.0,0.0,0.0,0.0,0.0,129.5924318,0.0,0.0,20.0,0.0,0.0,0.0,0.0,0.0,,-1.0,32738.0,,DDoS,,,,,,0.0,0.0,0.0,0.0,0.0,0.0,6.0,0.0,,0.0,,,0.0,,0.0,,0.0,,2.0,0.0,,1108.0,0.0,2.0,,,,,0.0,0.0,0.0,
CICD_DOS.csv,0.0,,0.0,0.0,0.0,0.0,,,,,,,0.0,0.0,20.0,,0.0,0.0,0.0,0.0,0.0,,,,,,,0.0,0.0,0.0,0.0,3584.229391,0.0,0.0,0.0,0.0,1.0,32770.0,0.0,,0.0,,,0.0,279.0,279.0,279.0,279.0,0.0,,7168.0,0.0,,,,0.0,0.0,24.0,,,0.0,0.0,0.0,0.0,0.0,,,,,,,0.0,0.0,0.0,0.0,0.0,3584.229391,0.0,0.0,24.0,0.0,0.0,0.0,0.0,0.0,,0.0,1024.0,,Infilteration,,,,,,0.0,0.0,0.0,0.0,0.0,0.0,6.0,1.0,,0.0,,,0.0,,1.0,,0.0,,1.0,0.0,,280.0,1.0,1.0,,,,,0.0,0.0,0.0,
CICD_DOS.csv,1.0,,0.0,0.0,0.0,0.0,,,,,,,0.0,0.0,0.0,,0.0,0.0,0.0,0.0,0.0,,,,,,,0.0,0.0,0.0,0.0,0.0,0.0,0.0,0.0,0.0,0.0,57449.0,0.0,,0.0,,,0.0,49.0,49.0,49.0,49.0,0.0,,40816.0,0.0,,,,0.0,0.0,40.0,,,49.0,49.0,49.0,0.0,49.0,,,,,,,0.0,0.0,0.0,0.0,0.0,40816.3265306122,0.0,0.0,20.0,0.0,0.0,0.0,0.0,0.0,,-1.0,259.0,,Benign,,,,,,0.0,0.0,0.0,0.0,0.0,0.0,6.0,0.0,,0.0,,,0.0,,0.0,,0.0,,2.0,0.0,,3419.0,0.0,2.0,,,,,0.0,0.0,0.0,
CICD_DOS.csv,0.0,,0.0,0.0,0.0,0.0,,,,,,,0.0,0.0,8.0,,0.0,0.0,0.0,0.0,0.0,,,,,,,56.0,56.0,56.0,0.0,3012.0481927710844,0.0,56.0,0.0,0.0,1.0,53.0,0.0,,0.0,,,289156.0,332.0,332.0,332.0,332.0,0.0,,6024.0,0.0,,,,0.0,0.0,8.0,,,0.0,0.0,0.0,0.0,0.0,,,,,,,40.0,40.0,40.0,0.0,0.0,3012.0481927710844,0.0,40.0,8.0,0.0,0.0,0.0,0.0,0.0,,-1.0,-1.0,,Benign,,,,,,56.0,45.333333333333336,40.0,9.237604307034012,85.33333333333333,68.0,17.0,0.0,,0.0,,,56.0,,1.0,,40.0,,1.0,0.0,,26817.0,1.0,1.0,,,,,56.0,40.0,0.0,
CICD_DOS.csv,1.0,,0.0,0.0,0.0,0.0,,,,,,,0.0,0.0,0.0,,0.0,0.0,0.0,0.0,0.0,,,,,,,0.0,0.0,0.0,0.0,0.0,0.0,0.0,0.0,0.0,0.0,80.0,0.0,,0.0,,,0.0,1.8949779E7,1.89E7,1.89E7,1.89E7,0.0,,0.0,0.0,,,,0.0,0.0,40.0,,,1.89E7,1.89E7,1.89E7,0.0,1.89E7,,,,,,,0.0,0.0,0.0,0.0,0.0,0.105542128,0.0,0.0,20.0,0.0,1.89E7,1.89E7,1.89E7,0.0,,-1.0,2049.0,,DDoS,,,,,,0.0,0.0,0.0,0.0,0.0,0.0,6.0,0.0,,0.0,,,0.0,,0.0,,0.0,,2.0,0.0,,31060.0,0.0,2.0,,,,,0.0,0.0,0.0,
CICD_DOS_2019.csv,,0.0,0.0,0.0,0.0,0.0,792.0,0.0,528.0,0.0,0.0,0.0,,,,0.0,0.0,0.0,0.0,0.0,,0.0,0.0,0.0,0.0,0.0,0.0,,,,,,0.0,,0.0,0.0,0.0,,,0.0,,0.0,22000000.0,,48.0,48.0,48.0,48.0,0.0,41666.66666666666,,,0.0,0.0,0.0,,,,828.0,828.0,48.0,48.0,48.0,0.0,,48.0,528.0,528.0,528.0,0.0,41666.66666666666,,,,,,,0.0,,,0.0,0.0,0.0,0.0,0.0,1.0,,,-1.0,MSSQL,528.0,528.0,528.0,0.0,0.0,,,,,,,17.0,,0.0,,0.0,0.0,,0.0,,1056.0,,2.0,,,0.0,,,,0.0,2.0,0.0,1056.0,,,,0.0
CICD_DOS.csv,0.0,,0.0,0.0,0.0,0.0,,,,,,,0.0,0.0,8.0,,0.0,0.0,0.0,0.0,0.0,,,,,,,126.0,126.0,126.0,0.0,78.1860828772,0.0,126.0,0.0,0.0,1.0,53.0,0.0,,0.0,,,12900.0,12790.0,12790.0,12790.0,12790.0,0.0,,156.0,0.0,,,,0.0,0.0,8.0,,,0.0,0.0,0.0,0.0,0.0,,,,,,,39.0,39.0,39.0,0.0,0.0,78.1860828772,0.0,39.0,8.0,0.0,0.0,0.0,0.0,0.0,,-1.0,-1.0,,Benign,,,,,,126.0,68.0,39.0,50.2294734195,2523.0,102.0,17.0,0.0,,0.0,,,126.0,,1.0,,39.0,,1.0,0.0,,25232.0,1.0,1.0,,,,,126.0,39.0,0.0,
CICD_DOS.csv,1.0,,0.0,0.0,0.0,0.0,,,,,,,0.0,0.0,0.0,,0.0,0.0,0.0,0.0,0.0,,,,,,,0.0,0.0,0.0,0.0,0.0,0.0,0.0,0.0,0.0,0.0,80.0,0.0,,0.0,,,0.0,4263.0,4263.0,4263.0,4263.0,0.0,,469.0,0.0,,,,0.0,0.0,40.0,,,4263.0,4263.0,4263.0,0.0,4263.0,,,,,,,0.0,0.0,0.0,0.0,0.0,469.1531785,0.0,0.0,20.0,0.0,0.0,0.0,0.0,0.0,,-1.0,32738.0,,DDoS,,,,,,0.0,0.0,0.0,0.0,0.0,0.0,6.0,0.0,,0.0,,,0.0,,0.0,,0.0,,2.0,0.0,,924.0,0.0,2.0,,,,,0.0,0.0,0.0,
CICD_DOS_2019.csv,,0.0,0.0,0.0,0.0,0.0,442.0,0.0,359.5,0.0,0.0,0.0,,,,0.0,0.0,0.0,0.0,0.0,,0.0,0.0,0.0,0.0,0.0,0.0,,,,,,0.0,,0.0,0.0,0.0,,,0.0,,0.0,13309.269285945673,,108045.0,107952.0,36015.0,46.0,62299.269474047614,37.02161136563469,,,0.0,0.0,0.0,,,,80.0,80.0,107952.0,36015.0,46.0,62299.269474047614,,108045.0,389.0,359.5,330.0,34.06366588218791,37.02161136563469,,,,,,,0.0,,,0.0,0.0,0.0,0.0,0.0,1.0,,,-1.0,UDP,389.0,330.0,353.6,32.3156308928048,1044.3,,,,,,,17.0,,0.0,,0.0,0.0,,0.0,,1438.0,,4.0,,,0.0,,,,0.0,4.0,0.0,1438.0,,,,0.0
CICD_DOS.csv,1.0,,0.0,0.0,0.0,0.0,,,,,,,0.0,0.0,0.0,,0.0,0.0,0.0,0.0,0.0,,,,,,,0.0,0.0,0.0,0.0,0.0,0.0,0.0,0.0,0.0,0.0,80.0,0.0,,0.0,,,0.0,8011660.0,8011660.0,8011660.0,8011660.0,0.0,,0.0,0.0,,,,0.0,0.0,40.0,,,8011660.0,8011660.0,8011660.0,0.0,8011660.0,,,,,,,0.0,0.0,0.0,0.0,0.0,0.249636155,0.0,0.0,20.0,0.0,8011660.0,8011660.0,8011660.0,0.0,,-1.0,2049.0,,DDoS,,,,,,0.0,0.0,0.0,0.0,0.0,0.0,6.0,0.0,,0.0,,,0.0,,0.0,,0.0,,2.0,0.0,,30426.0,0.0,2.0,,,,,0.0,0.0,0.0,
CICD_DOS.csv,0.0,,0.0,0.0,0.0,0.0,,,,,,,0.0,0.0,112.0,,181154.0,180026.5,179474.0,779.795486009,720106.0,,,,,,,145.0,67.6,0.0,69.7588704037,6.9428726552,0.0,67.6,0.0,0.0,0.0,445.0,0.0,,0.0,,,1101.0,720163.0,181036.0,72016.3,43.0,92754.5950524525,,15.0,4.0,,,,0.0,0.0,132.0,,,181116.0,144024.0,627.0,80164.6426456203,720120.0,,,,,,,140.0,75.8333333333,0.0,62.9362110924,0.0,8.3314471863,0.0,75.8333333333,20.0,0.0,0.0,0.0,0.0,0.0,,0.0,8192.0,,Benign,,,,,,145.0,66.0833333333,0.0,63.40269328,4019.9015151515,72.0909090909,6.0,1.0,,0.0,,,338.0,,5.0,,455.0,,6.0,0.0,,26487.0,5.0,6.0,,,,,338.0,455.0,0.0,
CICD_DOS.csv,0.0,,0.0,0.0,0.0,0.0,,,,,,,0.0,0.0,20.0,,0.0,0.0,0.0,0.0,0.0,,,,,,,0.0,0.0,0.0,0.0,1000000.0,0.0,0.0,0.0,0.0,1.0,21.0,0.0,,0.0,,,0.0,1.0,1.0,1.0,1.0,0.0,,2000000.0,0.0,,,,0.0,0.0,40.0,,,0.0,0.0,0.0,0.0,0.0,,,,,,,0.0,0.0,0.0,0.0,0.0,1000000.0,0.0,0.0,40.0,0.0,0.0,0.0,0.0,0.0,,0.0,26883.0,,Bruteforce,,,,,,0.0,0.0,0.0,0.0,0.0,0.0,6.0,1.0,,0.0,,,0.0,,1.0,,0.0,,1.0,0.0,,28188.0,1.0,1.0,,,,,0.0,0.0,0.0,
CICD_DOS.csv,1.0,,0.0,0.0,0.0,0.0,,,,,,,0.0,0.0,0.0,,0.0,0.0,0.0,0.0,0.0,,,,,,,0.0,0.0,0.0,0.0,0.0,0.0,0.0,0.0,0.0,0.0,8080.0,0.0,,0.0,,,0.0,633.0,633.0,633.0,633.0,0.0,,3159.0,0.0,,,,0.0,0.0,40.0,,,633.0,633.0,633.0,0.0,633.0,,,,,,,0.0,0.0,0.0,0.0,0.0,3159.557662,0.0,0.0,20.0,0.0,0.0,0.0,0.0,0.0,,-1.0,2052.0,,Bot,,,,,,0.0,0.0,0.0,0.0,0.0,0.0,6.0,0.0,,0.0,,,0.0,,0.0,,0.0,,2.0,0.0,,5167.0,0.0,2.0,,,,,0.0,0.0,0.0,
CICD_DOS_2019.csv,,0.0,0.0,0.0,0.0,0.0,442.0,0.0,359.5,0.0,0.0,0.0,,,,0.0,0.0,0.0,0.0,0.0,,0.0,0.0,0.0,0.0,0.0,0.0,,,,,,0.0,,0.0,0.0,0.0,,,0.0,,0.0,13738.284720696276,,104671.0,104620.0,34890.33333333333,1.0,60387.66770072622,38.214978360768505,,,0.0,0.0,0.0,,,,0.0,0.0,104620.0,34890.33333333333,1.0,60387.66770072622,,104671.0,389.0,359.5,330.0,34.06366588218791,38.21497836076851,,,,,,,0.0,,,0.0,0.0,0.0,0.0,0.0,1.0,,,-1.0,UDP,389.0,330.0,353.6,32.3156308928048,1044.3,,,,,,,17.0,,0.0,,0.0,0.0,,0.0,,1438.0,,4.0,,,0.0,,,,0.0,4.0,0.0,1438.0,,,,0.0
CICD_DOS_2019.csv,,0.0,0.0,0.0,0.0,0.0,442.0,0.0,359.5,0.0,0.0,0.0,,,,0.0,0.0,0.0,0.0,0.0,,0.0,0.0,0.0,0.0,0.0,0.0,,,,,,0.0,,0.0,0.0,0.0,,,0.0,,0.0,13217.276211660248,,108797.0,108794.0,36265.66666666667,1.0,62811.37916280244,36.76571964300486,,,0.0,0.0,0.0,,,,-4.0,-4.0,108794.0,36265.66666666667,1.0,62811.37916280244,,108797.0,389.0,359.5,330.0,34.06366588218791,36.765719643004864,,,,,,,0.0,,,0.0,0.0,0.0,0.0,0.0,1.0,,,-1.0,UDP,389.0,330.0,353.6,32.3156308928048,1044.3,,,,,,,17.0,,0.0,,0.0,0.0,,0.0,,1438.0,,4.0,,,0.0,,,,0.0,4.0,0.0,1438.0,,,,0.0
CICD_DOS_2019.csv,,0.0,0.0,0.0,0.0,0.0,401.5,0.0,348.0,0.0,0.0,0.0,,,,0.0,0.0,0.0,0.0,0.0,,0.0,0.0,0.0,0.0,0.0,0.0,,,,,,0.0,,0.0,0.0,0.0,,,0.0,,0.0,9593.427950507468,,217649.0,110074.0,43529.8,1.0,59571.13886942233,27.56732169686054,,,0.0,0.0,0.0,,,,96.0,96.0,110074.0,43529.8,1.0,59571.13886942233,,217649.0,393.0,348.0,321.0,35.08845964131227,27.56732169686054,,,,,,,0.0,,,0.0,0.0,0.0,0.0,0.0,1.0,,,-1.0,UDP,393.0,321.0,344.1428571428572,33.61759743263722,1130.1428571428569,,,,,,,17.0,,0.0,,0.0,0.0,,0.0,,2088.0,,6.0,,,0.0,,,,0.0,6.0,0.0,2088.0,,,,0.0
CICD_DOS.csv,1.0,,0.0,0.0,0.0,0.0,,,,,,,0.0,0.0,0.0,,0.0,0.0,0.0,0.0,0.0,,,,,,,0.0,0.0,0.0,0.0,0.0,0.0,0.0,0.0,0.0,0.0,80.0,0.0,,0.0,,,0.0,3375.0,3375.0,3375.0,3375.0,0.0,,592.0,0.0,,,,0.0,0.0,64.0,,,3375.0,3375.0,3375.0,0.0,3375.0,,,,,,,0.0,0.0,0.0,0.0,0.0,592.5925926,0.0,0.0,32.0,0.0,0.0,0.0,0.0,0.0,,-1.0,225.0,,DoS,,,,,,0.0,0.0,0.0,0.0,0.0,0.0,6.0,0.0,,0.0,,,0.0,,0.0,,0.0,,2.0,0.0,,210.0,0.0,2.0,,,,,0.0,0.0,0.0,
CICD_DOS.csv,0.0,,0.0,0.0,0.0,0.0,,,,,,,0.0,0.0,92.0,,1296695.0,432380.6667,21.0,748518.1969,1297142.0,,,,,,,964.0,241.0,0.0,482.0,3.083685837,0.0,241.0,0.0,0.0,1.0,80.0,1.0,,0.0,,,758.0,1297149.0,1296695.0,216191.5,5.0,529336.4676,,5.0,1.0,,,,0.0,0.0,72.0,,,384.0,214.0,44.0,240.4163056,428.0,,,,,,,20.0,6.666666667,0.0,11.54700538,0.0,2.312764378,0.0,6.666666667,20.0,0.0,0.0,0.0,0.0,0.0,,211.0,8192.0,,DDoS,,,,,,964.0,123.0,0.0,339.8873763,115523.4286,140.5714286,6.0,1.0,,1.0,,,964.0,,4.0,,20.0,,3.0,0.0,,28858.0,4.0,3.0,,,,,964.0,20.0,0.0,
CICD_DOS.csv,1.0,,0.0,0.0,0.0,0.0,,,,,,,0.0,0.0,0.0,,0.0,0.0,0.0,0.0,0.0,,,,,,,0.0,0.0,0.0,0.0,0.0,0.0,0.0,0.0,0.0,0.0,8080.0,0.0,,0.0,,,0.0,560.0,560.0,560.0,560.0,0.0,,3571.0,0.0,,,,0.0,0.0,40.0,,,560.0,560.0,560.0,0.0,560.0,,,,,,,0.0,0.0,0.0,0.0,0.0,3571.428571,0.0,0.0,20.0,0.0,0.0,0.0,0.0,0.0,,-1.0,2052.0,,Bot,,,,,,0.0,0.0,0.0,0.0,0.0,0.0,6.0,0.0,,0.0,,,0.0,,0.0,,0.0,,2.0,0.0,,25228.0,0.0,2.0,,,,,0.0,0.0,0.0,
CICD_DOS.csv,1.0,,0.0,0.0,0.0,0.0,,,,,,,0.0,0.0,0.0,,0.0,0.0,0.0,0.0,0.0,,,,,,,0.0,0.0,0.0,0.0,0.0,0.0,0.0,0.0,0.0,0.0,443.0,0.0,,0.0,,,81395.0,946.0,931.0,473.0,15.0,647.7098115668775,,3171.0,1.0,,,,0.0,0.0,60.0,,,931.0,473.0,15.0,647.7098115668775,946.0,,,,,,,46.0,25.666666666666664,0.0,23.45918441321721,0.0,3171.247357293869,1.0,25.666666666666668,20.0,0.0,0.0,0.0,0.0,0.0,,-1.0,258.0,,Benign,,,,,,46.0,30.75,0.0,21.68524844220144,470.25,41.0,6.0,0.0,,0.0,,,0.0,,0.0,,77.0,,3.0,1.0,,12288.0,0.0,3.0,,,,,0.0,77.0,0.0,
CICD_DOS.csv,0.0,,0.0,0.0,0.0,0.0,,,,,,,0.0,0.0,92.0,,9442.0,3276.0,1.0,5343.363267,9828.0,,,,,,,112.0,32.25,0.0,53.7672453,388.8780867,0.0,32.25,0.0,0.0,1.0,8080.0,1.0,,0.0,,,44234.0,10286.0,9442.0,1714.333333,1.0,3790.237706,,680.0,1.0,,,,0.0,0.0,72.0,,,480.0,264.0,48.0,305.4701295,528.0,,,,,,,326.0,108.6666667,0.0,188.2161878,0.0,291.658565,0.0,108.6666667,20.0,0.0,0.0,0.0,0.0,0.0,,219.0,8192.0,,Bot,,,,,,326.0,56.875,0.0,115.4066568,13318.69643,65.0,6.0,1.0,,1.0,,,129.0,,4.0,,326.0,,3.0,0.0,,25372.0,4.0,3.0,,,,,129.0,326.0,0.0,
CICD_DOS.csv,1.0,,0.0,0.0,0.0,0.0,,,,,,,0.0,0.0,0.0,,0.0,0.0,0.0,0.0,0.0,,,,,,,0.0,0.0,0.0,0.0,0.0,0.0,0.0,0.0,0.0,0.0,8080.0,0.0,,0.0,,,0.0,495.0,495.0,495.0,495.0,0.0,,4040.0,0.0,,,,0.0,0.0,40.0,,,495.0,495.0,495.0,0.0,495.0,,,,,,,0.0,0.0,0.0,0.0,0.0,4040.40404,0.0,0.0,20.0,0.0,0.0,0.0,0.0,0.0,,-1.0,2052.0,,Bot,,,,,,0.0,0.0,0.0,0.0,0.0,0.0,6.0,0.0,,0.0,,,0.0,,0.0,,0.0,,2.0,0.0,,2498.0,0.0,2.0,,,,,0.0,0.0,0.0,
CICD_DOS_2019.csv,,0.0,0.0,0.0,0.0,0.0,603.0,0.0,402.0,0.0,0.0,0.0,,,,0.0,0.0,0.0,0.0,0.0,,0.0,0.0,0.0,0.0,0.0,0.0,,,,,,0.0,,0.0,0.0,0.0,,,0.0,,0.0,268000000.0,,3.0,3.0,3.0,3.0,0.0,666666.6666666666,,,0.0,0.0,0.0,,,,16.0,16.0,3.0,3.0,3.0,0.0,,3.0,402.0,402.0,402.0,0.0,666666.6666666665,,,,,,,0.0,,,0.0,0.0,0.0,0.0,0.0,1.0,,,-1.0,UDP,402.0,402.0,402.0,0.0,0.0,,,,,,,17.0,,0.0,,0.0,0.0,,0.0,,804.0,,2.0,,,0.0,,,,0.0,2.0,0.0,804.0,,,,0.0
CICD_DOS.csv,0.0,,0.0,0.0,0.0,0.0,,,,,,,0.0,0.0,8.0,,0.0,0.0,0.0,0.0,0.0,,,,,,,142.0,142.0,142.0,0.0,79.13270554720266,0.0,142.0,0.0,0.0,1.0,53.0,0.0,,0.0,,,14402.0,12637.0,12637.0,12637.0,12637.0,0.0,,158.0,0.0,,,,0.0,0.0,8.0,,,0.0,0.0,0.0,0.0,0.0,,,,,,,40.0,40.0,40.0,0.0,0.0,79.13270554720266,0.0,40.0,8.0,0.0,0.0,0.0,0.0,0.0,,-1.0,-1.0,,Benign,,,,,,142.0,74.0,40.0,58.88972745734183,3468.0,111.0,17.0,0.0,,0.0,,,142.0,,1.0,,40.0,,1.0,0.0,,13845.0,1.0,1.0,,,,,142.0,40.0,0.0,
CICD_DOS_2019.csv,,1.0,64.0,17.5,1.0,31.01075082397501,6.5,6.0,6.0,0.0,0.0,0.0,,,,40.0,1.0,1.0,1.0,0.0,,1.0,6.0,6.0,6.0,0.0,0.0312703296230461,,,,,,0.0,,0.0,0.0,0.0,,,0.0,,0.0,1.1257318664296625,,6.3958392E7,1.8289225E7,5814399.2727272725,1.0,8146708.73552282,0.187621977738277,,,0.0,0.0,0.0,,,,200.0,200.0,1.8289225E7,7106479.111111111,1.0,8522395.877391778,,6.3958312E7,6.0,6.0,6.0,0.0,0.1563516481152309,,,,,,,0.0,,,0.0,1.8289225E7,1.598956025E7,1.3995039E7,2073974.620559177,1.0,,,5840.0,Syn,6.0,6.0,6.0,0.0,0.0,,,,,,,6.0,,0.0,,0.0,12.0,,2.0,,60.0,,10.0,,,0.0,,,,2.0,10.0,12.0,60.0,,,,0.0
CICD_DOS.csv,0.0,,0.0,0.0,0.0,0.0,,,,,,,0.0,0.0,8.0,,0.0,0.0,0.0,0.0,0.0,,,,,,,73.0,73.0,73.0,0.0,1089.3246187363834,0.0,73.0,0.0,0.0,1.0,53.0,0.0,,0.0,,,124183.0,918.0,918.0,918.0,918.0,0.0,,2178.0,0.0,,,,0.0,0.0,8.0,,,0.0,0.0,0.0,0.0,0.0,,,,,,,41.0,41.0,41.0,0.0,0.0,1089.3246187363834,0.0,41.0,8.0,0.0,0.0,0.0,0.0,0.0,,-1.0,-1.0,,Benign,,,,,,73.0,51.66666666666666,41.0,18.475208614068023,341.3333333333333,77.5,17.0,0.0,,0.0,,,73.0,,1.0,,41.0,,1.0,0.0,,10495.0,1.0,1.0,,,,,73.0,41.0,0.0,
CICD_DOS.csv,1.0,,0.0,0.0,0.0,0.0,,,,,,,0.0,0.0,0.0,,0.0,0.0,0.0,0.0,0.0,,,,,,,0.0,0.0,0.0,0.0,0.0,0.0,0.0,0.0,0.0,0.0,80.0,0.0,,0.0,,,0.0,1273.0,1273.0,1273.0,1273.0,0.0,,1571.0,0.0,,,,0.0,0.0,64.0,,,1273.0,1273.0,1273.0,0.0,1273.0,,,,,,,0.0,0.0,0.0,0.0,0.0,1571.091909,0.0,0.0,32.0,0.0,0.0,0.0,0.0,0.0,,-1.0,225.0,,DoS,,,,,,0.0,0.0,0.0,0.0,0.0,0.0,6.0,0.0,,0.0,,,0.0,,0.0,,0.0,,2.0,0.0,,129.0,0.0,2.0,,,,,0.0,0.0,0.0,
CICD_DOS_2019.csv,,0.0,0.0,0.0,0.0,0.0,432.0,0.0,349.5,0.0,0.0,0.0,,,,0.0,0.0,0.0,0.0,0.0,,0.0,0.0,0.0,0.0,0.0,0.0,,,,,,0.0,,0.0,0.0,0.0,,,0.0,,0.0,12963.649851632046,,107840.0,107791.0,35946.66666666667,2.0,62219.021852913545,37.0919881305638,,,0.0,0.0,0.0,,,,56.0,56.0,107791.0,35946.66666666667,2.0,62219.021852913545,,107840.0,369.0,349.5,330.0,22.516660498395403,37.0919881305638,,,,,,,0.0,,,0.0,0.0,0.0,0.0,0.0,1.0,,,-1.0,UDP,369.0,330.0,345.6,21.36117974270148,456.3,,,,,,,17.0,,0.0,,0.0,0.0,,0.0,,1398.0,,4.0,,,0.0,,,,0.0,4.0,0.0,1398.0,,,,0.0
CICD_DOS.csv,1.0,,0.0,0.0,0.0,0.0,,,,,,,0.0,0.0,0.0,,0.0,0.0,0.0,0.0,0.0,,,,,,,0.0,0.0,0.0,0.0,0.0,0.0,0.0,0.0,0.0,0.0,80.0,0.0,,0.0,,,0.0,21489.0,21489.0,21489.0,21489.0,0.0,,93.0,0.0,,,,0.0,0.0,64.0,,,21489.0,21489.0,21489.0,0.0,21489.0,,,,,,,0.0,0.0,0.0,0.0,0.0,93.07087347,0.0,0.0,32.0,0.0,0.0,0.0,0.0,0.0,,-1.0,225.0,,DoS,,,,,,0.0,0.0,0.0,0.0,0.0,0.0,6.0,0.0,,0.0,,,0.0,,0.0,,0.0,,2.0,0.0,,200.0,0.0,2.0,,,,,0.0,0.0,0.0,
CICD_DOS.csv,1.0,,0.0,0.0,0.0,0.0,,,,,,,0.0,0.0,0.0,,0.0,0.0,0.0,0.0,0.0,,,,,,,0.0,0.0,0.0,0.0,0.0,0.0,0.0,0.0,0.0,0.0,8080.0,0.0,,0.0,,,0.0,490.0,490.0,490.0,490.0,0.0,,4081.0,0.0,,,,0.0,0.0,40.0,,,490.0,490.0,490.0,0.0,490.0,,,,,,,0.0,0.0,0.0,0.0,0.0,4081.632653,0.0,0.0,20.0,0.0,0.0,0.0,0.0,0.0,,-1.0,2052.0,,Bot,,,,,,0.0,0.0,0.0,0.0,0.0,0.0,6.0,0.0,,0.0,,,0.0,,0.0,,0.0,,2.0,0.0,,28791.0,0.0,2.0,,,,,0.0,0.0,0.0,
CICD_DOS.csv,0.0,,1966061.0,1966061.0,1966061.0,0.0,,,,,,,0.0,0.0,324.0,,9999963.0,791816.6667,1.0,2560368.816,1.19E7,,,,,,,1460.0,652.6875,0.0,652.7388164,1.34526143,0.0,652.6875,0.0,0.0,1.0,443.0,0.0,,0.0,,,1132.0,1.1893599E7,9927537.0,410124.1034,1.0,1838965.58,,2.0,6.0,,,,0.0,0.0,292.0,,,889820.0,151235.4615,741.0,246333.1104,1966061.0,,,,,,,753.0,215.8571429,0.0,309.8974662,0.0,1.177103751,0.0,215.8571429,20.0,0.0,9927537.0,9927537.0,9927537.0,0.0,,35391.0,8192.0,,Benign,,,,,,1460.0,434.3548387,0.0,555.5550107,308641.3699,448.8333333,6.0,1.0,,0.0,,,10443.0,,16.0,,3022.0,,14.0,0.0,,21114.0,16.0,14.0,,,,,10443.0,3022.0,0.0,
CICD_DOS.csv,0.0,,0.0,0.0,0.0,0.0,,,,,,,0.0,0.0,8.0,,0.0,0.0,0.0,0.0,0.0,,,,,,,65.0,65.0,65.0,0.0,3311.258278145695,0.0,65.0,0.0,0.0,1.0,53.0,0.0,,0.0,,,377483.0,302.0,302.0,302.0,302.0,0.0,,6622.0,0.0,,,,0.0,0.0,8.0,,,0.0,0.0,0.0,0.0,0.0,,,,,,,49.0,49.0,49.0,0.0,0.0,3311.258278145695,0.0,49.0,8.0,0.0,0.0,0.0,0.0,0.0,,-1.0,-1.0,,Benign,,,,,,65.0,54.333333333333336,49.0,9.237604307034012,85.33333333333333,81.5,17.0,0.0,,0.0,,,65.0,,1.0,,49.0,,1.0,0.0,,3220.0,1.0,1.0,,,,,65.0,49.0,0.0,
CICD_DOS.csv,1.0,,0.0,0.0,0.0,0.0,,,,,,,0.0,0.0,0.0,,0.0,0.0,0.0,0.0,0.0,,,,,,,0.0,0.0,0.0,0.0,0.0,0.0,0.0,0.0,0.0,0.0,80.0,0.0,,0.0,,,0.0,71238.0,43689.0,35619.0,27549.0,11412.70345,,42.0,0.0,,,,0.0,0.0,96.0,,,43689.0,35619.0,27549.0,11412.70345,71238.0,,,,,,,0.0,0.0,0.0,0.0,0.0,42.11235577,0.0,0.0,32.0,0.0,0.0,0.0,0.0,0.0,,-1.0,225.0,,DoS,,,,,,0.0,0.0,0.0,0.0,0.0,0.0,6.0,0.0,,0.0,,,0.0,,0.0,,0.0,,3.0,0.0,,95.0,0.0,3.0,,,,,0.0,0.0,0.0,
CICD_DOS.csv,0.0,,0.0,0.0,0.0,0.0,,,,,,,0.0,0.0,20.0,,0.0,0.0,0.0,0.0,0.0,,,,,,,0.0,0.0,0.0,0.0,500000.0,0.0,0.0,0.0,0.0,1.0,3998.0,0.0,,0.0,,,0.0,2.0,2.0,2.0,2.0,0.0,,1000000.0,0.0,,,,0.0,0.0,24.0,,,0.0,0.0,0.0,0.0,0.0,,,,,,,0.0,0.0,0.0,0.0,0.0,500000.0,0.0,0.0,24.0,0.0,0.0,0.0,0.0,0.0,,0.0,1024.0,,Infilteration,,,,,,0.0,0.0,0.0,0.0,0.0,0.0,6.0,1.0,,0.0,,,0.0,,1.0,,0.0,,1.0,0.0,,25637.0,1.0,1.0,,,,,0.0,0.0,0.0,
CICD_DOS.csv,1.0,,0.0,0.0,0.0,0.0,,,,,,,0.0,0.0,0.0,,0.0,0.0,0.0,0.0,0.0,,,,,,,0.0,0.0,0.0,0.0,0.0,0.0,0.0,0.0,0.0,0.0,80.0,0.0,,0.0,,,0.0,593.0,593.0,593.0,593.0,0.0,,3372.0,0.0,,,,0.0,0.0,64.0,,,593.0,593.0,593.0,0.0,593.0,,,,,,,0.0,0.0,0.0,0.0,0.0,3372.681282,0.0,0.0,32.0,0.0,0.0,0.0,0.0,0.0,,-1.0,225.0,,DoS,,,,,,0.0,0.0,0.0,0.0,0.0,0.0,6.0,0.0,,0.0,,,0.0,,0.0,,0.0,,2.0,0.0,,98.0,0.0,2.0,,,,,0.0,0.0,0.0,
CICD_DOS.csv,0.0,,0.0,0.0,0.0,0.0,,,,,,,0.0,0.0,20.0,,0.0,0.0,0.0,0.0,0.0,,,,,,,0.0,0.0,0.0,0.0,500000.0,0.0,0.0,0.0,0.0,1.0,21.0,0.0,,0.0,,,0.0,2.0,2.0,2.0,2.0,0.0,,1000000.0,0.0,,,,0.0,0.0,40.0,,,0.0,0.0,0.0,0.0,0.0,,,,,,,0.0,0.0,0.0,0.0,0.0,500000.0,0.0,0.0,40.0,0.0,0.0,0.0,0.0,0.0,,0.0,26883.0,,Bruteforce,,,,,,0.0,0.0,0.0,0.0,0.0,0.0,6.0,1.0,,0.0,,,0.0,,1.0,,0.0,,1.0,0.0,,26176.0,1.0,1.0,,,,,0.0,0.0,0.0,
CICD_DOS_2019.csv,,0.0,0.0,0.0,0.0,0.0,401.5,0.0,348.0,0.0,0.0,0.0,,,,0.0,0.0,0.0,0.0,0.0,,0.0,0.0,0.0,0.0,0.0,0.0,,,,,,0.0,,0.0,0.0,0.0,,,0.0,,0.0,9574.424181840692,,218081.0,109905.0,43616.2,1.0,59725.25869094247,27.512713166208886,,,0.0,0.0,0.0,,,,120.0,120.0,109905.0,43616.2,1.0,59725.25869094247,,218081.0,393.0,348.0,321.0,35.08845964131227,27.512713166208894,,,,,,,0.0,,,0.0,0.0,0.0,0.0,0.0,1.0,,,-1.0,UDP,393.0,321.0,344.1428571428572,33.61759743263722,1130.1428571428569,,,,,,,17.0,,0.0,,0.0,0.0,,0.0,,2088.0,,6.0,,,0.0,,,,0.0,6.0,0.0,2088.0,,,,0.0
CICD_DOS.csv,1.0,,0.0,0.0,0.0,0.0,,,,,,,0.0,0.0,0.0,,0.0,0.0,0.0,0.0,0.0,,,,,,,0.0,0.0,0.0,0.0,0.0,0.0,0.0,0.0,0.0,0.0,8080.0,0.0,,0.0,,,0.0,573.0,573.0,573.0,573.0,0.0,,3490.0,0.0,,,,0.0,0.0,40.0,,,573.0,573.0,573.0,0.0,573.0,,,,,,,0.0,0.0,0.0,0.0,0.0,3490.401396,0.0,0.0,20.0,0.0,0.0,0.0,0.0,0.0,,-1.0,256.0,,Bot,,,,,,0.0,0.0,0.0,0.0,0.0,0.0,6.0,0.0,,0.0,,,0.0,,0.0,,0.0,,2.0,0.0,,8315.0,0.0,2.0,,,,,0.0,0.0,0.0,
CICD_DOS_2019.csv,,0.0,0.0,0.0,0.0,0.0,1131.0,0.0,754.0,0.0,0.0,0.0,,,,0.0,0.0,0.0,0.0,0.0,,0.0,0.0,0.0,0.0,0.0,0.0,,,,,,0.0,,0.0,0.0,0.0,,,0.0,,0.0,301600000.0,,5.0,5.0,5.0,5.0,0.0,400000.0,,,0.0,0.0,0.0,,,,40.0,40.0,5.0,5.0,5.0,0.0,,5.0,754.0,754.0,754.0,0.0,400000.0,,,,,,,0.0,,,0.0,0.0,0.0,0.0,0.0,1.0,,,-1.0,MSSQL,754.0,754.0,754.0,0.0,0.0,,,,,,,17.0,,0.0,,0.0,0.0,,0.0,,1508.0,,2.0,,,0.0,,,,0.0,2.0,0.0,1508.0,,,,0.0
CICD_DOS.csv,1.0,,0.0,0.0,0.0,0.0,,,,,,,0.0,0.0,168.0,,4276767.0,1100696.75,23.0,2118156.985,4402787.0,,,,,,,935.0,187.0,0.0,418.1447118,1.135643019,0.0,187.0,0.0,0.0,1.0,80.0,0.0,,0.0,,,285.0,4402792.0,4276759.0,550349.0,5.0,1506305.378,,2.0,1.0,,,,0.0,0.0,136.0,,,4276764.0,1466625.333,281.0,2434422.749,4399876.0,,,,,,,324.0,81.0,0.0,162.0,0.0,0.908514415,0.0,81.0,32.0,0.0,0.0,0.0,0.0,0.0,,237.0,225.0,,DoS,,,,,,935.0,125.9,0.0,301.9736743,91188.1,139.8888889,6.0,0.0,,0.0,,,935.0,,5.0,,324.0,,4.0,0.0,,133.0,5.0,4.0,,,,,935.0,324.0,1.0,
CICD_DOS_2019.csv,,0.0,0.0,0.0,0.0,0.0,442.0,0.0,359.5,0.0,0.0,0.0,,,,0.0,0.0,0.0,0.0,0.0,,0.0,0.0,0.0,0.0,0.0,0.0,,,,,,0.0,,0.0,0.0,0.0,,,0.0,,0.0,13335.435349104637,,107833.0,107830.0,35944.33333333333,1.0,62254.81350332144,37.09439596412972,,,0.0,0.0,0.0,,,,56.0,56.0,107830.0,35944.33333333333,1.0,62254.81350332144,,107833.0,389.0,359.5,330.0,34.06366588218791,37.09439596412972,,,,,,,0.0,,,0.0,0.0,0.0,0.0,0.0,1.0,,,-1.0,UDP,389.0,330.0,353.6,32.3156308928048,1044.3,,,,,,,17.0,,0.0,,0.0,0.0,,0.0,,1438.0,,4.0,,,0.0,,,,0.0,4.0,0.0,1438.0,,,,0.0
CICD_DOS.csv,1.0,,0.0,0.0,0.0,0.0,,,,,,,0.0,0.0,0.0,,0.0,0.0,0.0,0.0,0.0,,,,,,,0.0,0.0,0.0,0.0,0.0,0.0,0.0,0.0,0.0,0.0,80.0,0.0,,0.0,,,0.0,7775.0,7775.0,7775.0,7775.0,0.0,,257.0,0.0,,,,0.0,0.0,64.0,,,7775.0,7775.0,7775.0,0.0,7775.0,,,,,,,0.0,0.0,0.0,0.0,0.0,257.2347267,0.0,0.0,32.0,0.0,0.0,0.0,0.0,0.0,,-1.0,225.0,,DoS,,,,,,0.0,0.0,0.0,0.0,0.0,0.0,6.0,0.0,,0.0,,,0.0,,0.0,,0.0,,2.0,0.0,,155.0,0.0,2.0,,,,,0.0,0.0,0.0,
CICD_DOS.csv,0.0,,0.0,0.0,0.0,0.0,,,,,,,0.0,0.0,712.0,,131662.0,16935.8571428571,13.0,34718.8310147184,355653.0,,,,,,,976.0,121.1363636364,0.0,258.6415602914,61.8571774008,0.0,121.1363636364,0.0,0.0,1.0,22.0,0.0,,0.0,,,12959.0,355658.0,91665.0,8271.1162790698,2.0,19146.661370302,,123.0,16.0,,,,0.0,0.0,712.0,,,91665.0,16932.619047619,165.0,28491.9798881653,355585.0,,,,,,,640.0,88.3636363636,0.0,137.8690011274,0.0,61.8571774008,0.0,88.3636363636,32.0,0.0,0.0,0.0,0.0,0.0,,230.0,26883.0,,Bruteforce,,,,,,976.0,102.4222222222,0.0,203.7441007388,41511.6585858586,104.75,6.0,1.0,,0.0,,,2665.0,,22.0,,1944.0,,22.0,0.0,,6818.0,22.0,22.0,,,,,2665.0,1944.0,0.0,
CICD_DOS.csv,0.0,,0.0,0.0,0.0,0.0,,,,,,,0.0,0.0,8.0,,0.0,0.0,0.0,0.0,0.0,,,,,,,51.0,51.0,51.0,0.0,959.6928982725528,0.0,51.0,0.0,0.0,1.0,53.0,0.0,,0.0,,,82533.0,1042.0,1042.0,1042.0,1042.0,0.0,,1919.0,0.0,,,,0.0,0.0,8.0,,,0.0,0.0,0.0,0.0,0.0,,,,,,,35.0,35.0,35.0,0.0,0.0,959.6928982725528,0.0,35.0,8.0,0.0,0.0,0.0,0.0,0.0,,-1.0,-1.0,,Benign,,,,,,51.0,40.333333333333336,35.0,9.237604307034012,85.33333333333333,60.5,17.0,0.0,,0.0,,,51.0,,1.0,,35.0,,1.0,0.0,,9829.0,1.0,1.0,,,,,51.0,35.0,0.0,
CICD_DOS.csv,0.0,,0.0,0.0,0.0,0.0,,,,,,,0.0,0.0,92.0,,1247899.0,416072.6667,20.0,720382.7497,1248218.0,,,,,,,964.0,241.0,0.0,482.0,3.204553029,0.0,241.0,0.0,0.0,1.0,80.0,1.0,,0.0,,,788.0,1248224.0,1247899.0,208037.3333,2.0,509426.1099,,5.0,1.0,,,,0.0,0.0,72.0,,,297.0,149.5,2.0,208.5965005,299.0,,,,,,,20.0,6.666666667,0.0,11.54700538,0.0,2.403414772,0.0,6.666666667,20.0,0.0,0.0,0.0,0.0,0.0,,211.0,8192.0,,DDoS,,,,,,964.0,123.0,0.0,339.8873763,115523.4286,140.5714286,6.0,1.0,,1.0,,,964.0,,4.0,,20.0,,3.0,0.0,,28917.0,4.0,3.0,,,,,964.0,20.0,0.0,
CICD_DOS_2019.csv,,1.0,102.0,64.0,39.0,33.45145736735546,6.5,6.0,6.0,0.0,0.0,0.0,,,,80.0,1.0961845E7,3653948.666666667,0.0,6328823.872889837,,1.0961846E7,6.0,6.0,6.0,0.0,0.1031881208184304,,,,,,0.0,,0.0,0.0,0.0,,,0.0,,0.0,1.8573861747317468,,3.8764152E7,1.6195242E7,3524013.8181818184,0.0,6168971.171207494,0.3095643624552911,,,0.0,0.0,0.0,,,,160.0,160.0,1.6195242E7,5537736.0,0.0,7100527.172687532,,3.8764152E7,6.0,6.0,6.0,0.0,0.2063762416368608,,,,,,,0.0,,,0.0,1.6195242E7,1.292132E7,1.0961806E7,2853587.9843404163,1.0,,,5840.0,Syn,6.0,6.0,6.0,0.0,0.0,,,,,,,6.0,,0.0,,0.0,24.0,,4.0,,48.0,,8.0,,,0.0,,,,4.0,8.0,24.0,48.0,,,,0.0
CICD_DOS.csv,1.0,,0.0,0.0,0.0,0.0,,,,,,,0.0,0.0,32.0,,0.0,0.0,0.0,0.0,0.0,,,,,,,0.0,0.0,0.0,0.0,166666.666666667,0.0,0.0,0.0,0.0,1.0,22.0,0.0,,0.0,,,0.0,6.0,6.0,6.0,6.0,0.0,,333333.0,0.0,,,,0.0,0.0,32.0,,,0.0,0.0,0.0,0.0,0.0,,,,,,,0.0,0.0,0.0,0.0,0.0,166666.666666667,0.0,0.0,32.0,0.0,0.0,0.0,0.0,0.0,,230.0,241.0,,Bruteforce,,,,,,0.0,0.0,0.0,0.0,0.0,0.0,6.0,0.0,,0.0,,,0.0,,1.0,,0.0,,1.0,0.0,,7953.0,1.0,1.0,,,,,0.0,0.0,1.0,
CICD_DOS.csv,0.0,,0.0,0.0,0.0,0.0,,,,,,,0.0,0.0,20.0,,0.0,0.0,0.0,0.0,0.0,,,,,,,0.0,0.0,0.0,0.0,500000.0,0.0,0.0,0.0,0.0,1.0,21.0,0.0,,0.0,,,0.0,2.0,2.0,2.0,2.0,0.0,,1000000.0,0.0,,,,0.0,0.0,40.0,,,0.0,0.0,0.0,0.0,0.0,,,,,,,0.0,0.0,0.0,0.0,0.0,500000.0,0.0,0.0,40.0,0.0,0.0,0.0,0.0,0.0,,0.0,26883.0,,Bruteforce,,,,,,0.0,0.0,0.0,0.0,0.0,0.0,6.0,1.0,,0.0,,,0.0,,1.0,,0.0,,1.0,0.0,,27330.0,1.0,1.0,,,,,0.0,0.0,0.0,
CICD_DOS.csv,0.0,,0.0,0.0,0.0,0.0,,,,,,,0.0,0.0,20.0,,0.0,0.0,0.0,0.0,0.0,,,,,,,0.0,0.0,0.0,0.0,500000.0,0.0,0.0,0.0,0.0,1.0,21.0,0.0,,0.0,,,0.0,2.0,2.0,2.0,2.0,0.0,,1000000.0,0.0,,,,0.0,0.0,40.0,,,0.0,0.0,0.0,0.0,0.0,,,,,,,0.0,0.0,0.0,0.0,0.0,500000.0,0.0,0.0,40.0,0.0,0.0,0.0,0.0,0.0,,0.0,26883.0,,DoS,,,,,,0.0,0.0,0.0,0.0,0.0,0.0,6.0,1.0,,0.0,,,0.0,,1.0,,0.0,,1.0,0.0,,723.0,1.0,1.0,,,,,0.0,0.0,0.0,
CICD_DOS_2019.csv,,0.0,0.0,0.0,0.0,0.0,401.5,0.0,348.0,0.0,0.0,0.0,,,,0.0,0.0,0.0,0.0,0.0,,0.0,0.0,0.0,0.0,0.0,0.0,,,,,,0.0,,0.0,0.0,0.0,,,0.0,,0.0,9536.946532808375,,218938.0,110312.0,43787.6,1.0,59939.41715432343,27.40501877243786,,,0.0,0.0,0.0,,,,48.0,48.0,110312.0,43787.6,1.0,59939.41715432343,,218938.0,393.0,348.0,321.0,35.08845964131227,27.40501877243786,,,,,,,0.0,,,0.0,0.0,0.0,0.0,0.0,1.0,,,-1.0,UDP,393.0,321.0,344.1428571428572,33.61759743263722,1130.1428571428569,,,,,,,17.0,,0.0,,0.0,0.0,,0.0,,2088.0,,6.0,,,0.0,,,,0.0,6.0,0.0,2088.0,,,,0.0
CICD_DOS_2019.csv,,0.0,0.0,0.0,0.0,0.0,401.5,0.0,348.0,0.0,0.0,0.0,,,,0.0,0.0,0.0,0.0,0.0,,0.0,0.0,0.0,0.0,0.0,0.0,,,,,,0.0,,0.0,0.0,0.0,,,0.0,,0.0,9627.97646494642,,216868.0,109029.0,43373.6,2.0,59389.6067068978,27.66659903720236,,,0.0,0.0,0.0,,,,-4.250875872E9,-4.250875872E9,109029.0,43373.6,2.0,59389.6067068978,,216868.0,393.0,348.0,321.0,35.08845964131227,27.66659903720236,,,,,,,0.0,,,0.0,0.0,0.0,0.0,0.0,1.0,,,-1.0,UDP,393.0,321.0,344.1428571428572,33.61759743263722,1130.1428571428569,,,,,,,17.0,,0.0,,0.0,0.0,,0.0,,2088.0,,6.0,,,0.0,,,,0.0,6.0,0.0,2088.0,,,,0.0
CICD_DOS.csv,0.0,,0.0,0.0,0.0,0.0,,,,,,,0.0,0.0,712.0,,155873.0,20211.0952380952,9.0,46042.3902158704,424433.0,,,,,,,976.0,121.1363636364,0.0,258.6415602914,51.8330034869,0.0,121.1363636364,0.0,0.0,1.0,22.0,0.0,,0.0,,,10783.0,424440.0,115730.0,9870.6976744186,5.0,25974.6132328645,,103.0,16.0,,,,0.0,0.0,712.0,,,115730.0,20130.2380952381,195.0,36454.0348643394,422735.0,,,,,,,640.0,86.9090909091,0.0,137.6880217811,0.0,51.8330034869,0.0,86.9090909091,32.0,0.0,0.0,0.0,0.0,0.0,,230.0,26883.0,,Bruteforce,,,,,,976.0,101.7111111111,0.0,203.7371995112,41508.8464646465,104.0227272727,6.0,1.0,,0.0,,,2665.0,,22.0,,1912.0,,22.0,0.0,,3797.0,22.0,22.0,,,,,2665.0,1912.0,0.0,
CICD_DOS.csv,1.0,,0.0,0.0,0.0,0.0,,,,,,,0.0,0.0,20.0,,0.0,0.0,0.0,0.0,0.0,,,,,,,0.0,0.0,0.0,0.0,3984.0637450199206,0.0,0.0,0.0,0.0,0.0,51560.0,0.0,,0.0,,,123505.0,251.0,190.0,83.66666666666667,9.0,94.5639113686259,,15936.0,1.0,,,,0.0,0.0,60.0,,,190.0,125.5,61.0,91.21677477306464,251.0,,,,,,,31.0,10.333333333333332,0.0,17.8978583448784,0.0,11952.19123505976,0.0,10.333333333333334,20.0,0.0,0.0,0.0,0.0,0.0,,0.0,1549.0,,Benign,,,,,,31.0,6.2,0.0,13.863621460498695,192.2,7.75,6.0,0.0,,0.0,,,0.0,,1.0,,31.0,,3.0,0.0,,31867.0,1.0,3.0,,,,,0.0,31.0,0.0,
CICD_DOS.csv,0.0,,0.0,0.0,0.0,0.0,,,,,,,0.0,0.0,20.0,,0.0,0.0,0.0,0.0,0.0,,,,,,,0.0,0.0,0.0,0.0,500000.0,0.0,0.0,0.0,0.0,1.0,21.0,0.0,,0.0,,,0.0,2.0,2.0,2.0,2.0,0.0,,1000000.0,0.0,,,,0.0,0.0,40.0,,,0.0,0.0,0.0,0.0,0.0,,,,,,,0.0,0.0,0.0,0.0,0.0,500000.0,0.0,0.0,40.0,0.0,0.0,0.0,0.0,0.0,,0.0,26883.0,,Bruteforce,,,,,,0.0,0.0,0.0,0.0,0.0,0.0,6.0,1.0,,0.0,,,0.0,,1.0,,0.0,,1.0,0.0,,26860.0,1.0,1.0,,,,,0.0,0.0,0.0,
CICD_DOS.csv,1.0,,0.0,0.0,0.0,0.0,,,,,,,0.0,0.0,20.0,,0.0,0.0,0.0,0.0,0.0,,,,,,,0.0,0.0,0.0,0.0,2145.922747,0.0,0.0,0.0,0.0,0.0,53209.0,0.0,,0.0,,,81545.0,466.0,452.0,233.0,14.0,309.7127702,,6437.0,0.0,,,,0.0,0.0,40.0,,,466.0,466.0,466.0,0.0,466.0,,,,,,,38.0,19.0,0.0,26.87005769,0.0,4291.845494,1.0,19.0,20.0,0.0,0.0,0.0,0.0,0.0,,0.0,176.0,,Infilteration,,,,,,38.0,19.0,0.0,21.93931023,481.3333333,25.33333333,6.0,0.0,,0.0,,,0.0,,1.0,,38.0,,2.0,1.0,,26106.0,1.0,2.0,,,,,0.0,38.0,0.0,
CICD_DOS.csv,0.0,,0.0,0.0,0.0,0.0,,,,,,,0.0,0.0,20.0,,0.0,0.0,0.0,0.0,0.0,,,,,,,0.0,0.0,0.0,0.0,500000.0,0.0,0.0,0.0,0.0,1.0,21.0,0.0,,0.0,,,0.0,2.0,2.0,2.0,2.0,0.0,,1000000.0,0.0,,,,0.0,0.0,40.0,,,0.0,0.0,0.0,0.0,0.0,,,,,,,0.0,0.0,0.0,0.0,0.0,500000.0,0.0,0.0,40.0,0.0,0.0,0.0,0.0,0.0,,0.0,26883.0,,DoS,,,,,,0.0,0.0,0.0,0.0,0.0,0.0,6.0,1.0,,0.0,,,0.0,,1.0,,0.0,,1.0,0.0,,508.0,1.0,1.0,,,,,0.0,0.0,0.0,
CICD_DOS.csv,0.0,,0.0,0.0,0.0,0.0,,,,,,,0.0,0.0,712.0,,132782.0,19838.2857142857,8.0,41605.9985977297,416604.0,,,,,,,976.0,121.1363636364,0.0,258.6415602914,52.806928269,0.0,121.1363636364,0.0,0.0,1.0,22.0,0.0,,0.0,,,10986.0,416612.0,101958.0,9688.6511627907,4.0,24702.9726087519,,105.0,16.0,,,,0.0,0.0,712.0,,,139290.0,19836.3333333333,156.0,38133.6209418058,416563.0,,,,,,,640.0,86.9090909091,0.0,137.6880217811,0.0,52.806928269,0.0,86.9090909091,32.0,0.0,0.0,0.0,0.0,0.0,,230.0,26883.0,,Bruteforce,,,,,,976.0,101.7111111111,0.0,203.7371995112,41508.8464646465,104.0227272727,6.0,1.0,,0.0,,,2665.0,,22.0,,1912.0,,22.0,0.0,,4830.0,22.0,22.0,,,,,2665.0,1912.0,0.0,
CICD_DOS_2019.csv,,0.0,0.0,0.0,0.0,0.0,643.5,0.0,429.0,0.0,0.0,0.0,,,,0.0,0.0,0.0,0.0,0.0,,0.0,0.0,0.0,0.0,0.0,0.0,,,,,,0.0,,0.0,0.0,0.0,,,0.0,,0.0,429000000.0,,2.0,2.0,2.0,2.0,0.0,1000000.0,,,0.0,0.0,0.0,,,,928.0,928.0,2.0,2.0,2.0,0.0,,2.0,429.0,429.0,429.0,0.0,1000000.0,,,,,,,0.0,,,0.0,0.0,0.0,0.0,0.0,1.0,,,-1.0,MSSQL,429.0,429.0,429.0,0.0,0.0,,,,,,,17.0,,0.0,,0.0,0.0,,0.0,,858.0,,2.0,,,0.0,,,,0.0,2.0,0.0,858.0,,,,0.0
CICD_DOS.csv,1.0,,0.0,0.0,0.0,0.0,,,,,,,0.0,0.0,0.0,,0.0,0.0,0.0,0.0,0.0,,,,,,,0.0,0.0,0.0,0.0,0.0,0.0,0.0,0.0,0.0,0.0,43395.0,0.0,,0.0,,,0.0,108676.0,108676.0,108676.0,108676.0,0.0,,18.0,0.0,,,,0.0,0.0,40.0,,,108676.0,108676.0,108676.0,0.0,108676.0,,,,,,,0.0,0.0,0.0,0.0,0.0,18.40332732,0.0,0.0,20.0,0.0,0.0,0.0,0.0,0.0,,-1.0,64000.0,,Benign,,,,,,0.0,0.0,0.0,0.0,0.0,0.0,6.0,0.0,,0.0,,,0.0,,0.0,,0.0,,2.0,0.0,,19174.0,0.0,2.0,,,,,0.0,0.0,0.0,
CICD_DOS.csv,0.0,,70769.0,21659.25,17057.0,15466.213623279264,,,,,,,0.0,0.0,524.0,,1.0071274E7,6127717.888888889,1.0,5023693.338750554,1.10298922E8,,,,,,,1460.0,267.6315789473684,0.0,507.16545738998303,0.1645612327236905,0.0,267.63157894736844,0.0,0.0,0.0,443.0,0.0,,0.0,,,51.0,1.15458542E8,1.0054154E7,2960475.4358974355,1.0,4547307.839621933,,0.0,15.0,,,,0.0,0.0,432.0,,,1.0054154E7,5772927.100000001,18.0,4945275.047210566,1.15458542E8,,,,,,,534.0,43.28571428571429,0.0,123.59334240044764,0.0,0.1818834677472369,0.0,43.285714285714285,20.0,0.0,1.0054154E7,9599884.416666668,5142341.0,1403854.3496720642,,980.0,8192.0,,Benign,,,,,,1460.0,146.1951219512195,0.0,369.43769566140617,136484.21097560978,149.85,6.0,1.0,,0.0,,,5085.0,,19.0,,909.0,,21.0,0.0,,7299.0,19.0,21.0,,,,,5085.0,909.0,0.0,
CICD_DOS.csv,1.0,,0.0,0.0,0.0,0.0,,,,,,,0.0,0.0,0.0,,0.0,0.0,0.0,0.0,0.0,,,,,,,0.0,0.0,0.0,0.0,0.0,0.0,0.0,0.0,0.0,0.0,80.0,0.0,,0.0,,,0.0,5348.0,5348.0,5348.0,5348.0,0.0,,373.0,0.0,,,,0.0,0.0,40.0,,,5348.0,5348.0,5348.0,0.0,5348.0,,,,,,,0.0,0.0,0.0,0.0,0.0,373.9715782,0.0,0.0,20.0,0.0,0.0,0.0,0.0,0.0,,-1.0,32738.0,,DDoS,,,,,,0.0,0.0,0.0,0.0,0.0,0.0,6.0,0.0,,0.0,,,0.0,,0.0,,0.0,,2.0,0.0,,745.0,0.0,2.0,,,,,0.0,0.0,0.0,
CICD_DOS.csv,1.0,,0.0,0.0,0.0,0.0,,,,,,,0.0,0.0,0.0,,0.0,0.0,0.0,0.0,0.0,,,,,,,0.0,0.0,0.0,0.0,0.0,0.0,0.0,0.0,0.0,0.0,443.0,0.0,,0.0,,,176201.0,437.0,423.0,218.5,14.0,289.2066735,,6864.0,1.0,,,,0.0,0.0,60.0,,,423.0,218.5,14.0,289.2066735,437.0,,,,,,,46.0,25.66666667,0.0,23.45918441,0.0,6864.988558,1.0,25.66666667,20.0,0.0,0.0,0.0,0.0,0.0,,-1.0,254.0,,Infilteration,,,,,,46.0,30.75,0.0,21.68524844,470.25,41.0,6.0,0.0,,0.0,,,0.0,,0.0,,77.0,,3.0,1.0,,263.0,0.0,3.0,,,,,0.0,77.0,0.0,
CICD_DOS.csv,1.0,,0.0,0.0,0.0,0.0,,,,,,,0.0,0.0,0.0,,0.0,0.0,0.0,0.0,0.0,,,,,,,0.0,0.0,0.0,0.0,0.0,0.0,0.0,0.0,0.0,0.0,80.0,0.0,,0.0,,,0.0,4845.0,4845.0,4845.0,4845.0,0.0,,412.0,0.0,,,,0.0,0.0,64.0,,,4845.0,4845.0,4845.0,0.0,4845.0,,,,,,,0.0,0.0,0.0,0.0,0.0,412.7966976,0.0,0.0,32.0,0.0,0.0,0.0,0.0,0.0,,-1.0,225.0,,DoS,,,,,,0.0,0.0,0.0,0.0,0.0,0.0,6.0,0.0,,0.0,,,0.0,,0.0,,0.0,,2.0,0.0,,216.0,0.0,2.0,,,,,0.0,0.0,0.0,
CICD_DOS.csv,1.0,,0.0,0.0,0.0,0.0,,,,,,,0.0,0.0,0.0,,0.0,0.0,0.0,0.0,0.0,,,,,,,0.0,0.0,0.0,0.0,0.0,0.0,0.0,0.0,0.0,0.0,80.0,0.0,,0.0,,,0.0,3.6431415E7,3.64E7,3.64E7,3.64E7,0.0,,0.0,0.0,,,,0.0,0.0,40.0,,,3.64E7,3.64E7,3.64E7,0.0,3.64E7,,,,,,,0.0,0.0,0.0,0.0,0.0,0.054897676,0.0,0.0,20.0,0.0,3.64E7,3.64E7,3.64E7,0.0,,-1.0,2049.0,,DDoS,,,,,,0.0,0.0,0.0,0.0,0.0,0.0,6.0,0.0,,0.0,,,0.0,,0.0,,0.0,,2.0,0.0,,32164.0,0.0,2.0,,,,,0.0,0.0,0.0,
CICD_DOS.csv,0.0,,0.0,0.0,0.0,0.0,,,,,,,0.0,0.0,172.0,,2306203.0,700994.285714286,124052.0,786953.391133747,4906960.0,,,,,,,1173.0,344.25,0.0,520.2819977117,1.5906719814,0.0,344.25,0.0,0.0,0.0,3389.0,0.0,,0.0,,,771.0,5029321.0,2183350.0,279406.722222222,78.0,534543.038005779,,3.0,5.0,,,,0.0,0.0,244.0,,,2183350.0,502932.1,78.0,677372.126529748,5029321.0,,,,,,,661.0,102.5454545455,0.0,197.5613138427,0.0,2.1871739744,0.0,102.5454545455,20.0,0.0,0.0,0.0,0.0,0.0,,62872.0,8192.0,,Benign,,,,,,1173.0,194.1,0.0,369.5942156075,136599.884210526,204.3157894737,6.0,1.0,,0.0,,,2754.0,,8.0,,1128.0,,11.0,0.0,,29734.0,8.0,11.0,,,,,2754.0,1128.0,0.0,
CICD_DOS.csv,1.0,,0.0,0.0,0.0,0.0,,,,,,,0.0,0.0,0.0,,0.0,0.0,0.0,0.0,0.0,,,,,,,0.0,0.0,0.0,0.0,0.0,0.0,0.0,0.0,0.0,0.0,80.0,0.0,,0.0,,,0.0,2.4132521E7,2.41E7,2.41E7,2.41E7,0.0,,0.0,0.0,,,,0.0,0.0,40.0,,,2.41E7,2.41E7,2.41E7,0.0,2.41E7,,,,,,,0.0,0.0,0.0,0.0,0.0,0.082875718,0.0,0.0,20.0,0.0,2.41E7,2.41E7,2.41E7,0.0,,-1.0,2049.0,,DDoS,,,,,,0.0,0.0,0.0,0.0,0.0,0.0,6.0,0.0,,0.0,,,0.0,,0.0,,0.0,,2.0,0.0,,29068.0,0.0,2.0,,,,,0.0,0.0,0.0,
CICD_DOS_2019.csv,,0.0,0.0,0.0,0.0,0.0,432.0,0.0,349.5,0.0,0.0,0.0,,,,0.0,0.0,0.0,0.0,0.0,,0.0,0.0,0.0,0.0,0.0,0.0,,,,,,0.0,,0.0,0.0,0.0,,,0.0,,0.0,13438.17286988619,,104032.0,103988.0,34677.33333333333,1.0,60024.80176005026,38.449707782220855,,,0.0,0.0,0.0,,,,80.0,80.0,103988.0,34677.33333333333,1.0,60024.80176005026,,104032.0,369.0,349.5,330.0,22.516660498395403,38.44970778222085,,,,,,,0.0,,,0.0,0.0,0.0,0.0,0.0,1.0,,,-1.0,UDP,369.0,330.0,345.6,21.36117974270148,456.3,,,,,,,17.0,,0.0,,0.0,0.0,,0.0,,1398.0,,4.0,,,0.0,,,,0.0,4.0,0.0,1398.0,,,,0.0
CICD_DOS.csv,1.0,,0.0,0.0,0.0,0.0,,,,,,,0.0,0.0,0.0,,0.0,0.0,0.0,0.0,0.0,,,,,,,0.0,0.0,0.0,0.0,0.0,0.0,0.0,0.0,0.0,0.0,8080.0,0.0,,0.0,,,0.0,495.0,495.0,495.0,495.0,0.0,,4040.0,0.0,,,,0.0,0.0,40.0,,,495.0,495.0,495.0,0.0,495.0,,,,,,,0.0,0.0,0.0,0.0,0.0,4040.40404,0.0,0.0,20.0,0.0,0.0,0.0,0.0,0.0,,-1.0,2052.0,,Bot,,,,,,0.0,0.0,0.0,0.0,0.0,0.0,6.0,0.0,,0.0,,,0.0,,0.0,,0.0,,2.0,0.0,,1398.0,0.0,2.0,,,,,0.0,0.0,0.0,
CICD_DOS.csv,1.0,,0.0,0.0,0.0,0.0,,,,,,,0.0,0.0,0.0,,0.0,0.0,0.0,0.0,0.0,,,,,,,0.0,0.0,0.0,0.0,0.0,0.0,0.0,0.0,0.0,0.0,80.0,0.0,,0.0,,,0.0,44292.0,44292.0,44292.0,44292.0,0.0,,45.0,0.0,,,,0.0,0.0,64.0,,,44292.0,44292.0,44292.0,0.0,44292.0,,,,,,,0.0,0.0,0.0,0.0,0.0,45.15488124,0.0,0.0,32.0,0.0,0.0,0.0,0.0,0.0,,-1.0,225.0,,DoS,,,,,,0.0,0.0,0.0,0.0,0.0,0.0,6.0,0.0,,0.0,,,0.0,,0.0,,0.0,,2.0,0.0,,65.0,0.0,2.0,,,,,0.0,0.0,0.0,
CICD_DOS.csv,0.0,,0.0,0.0,0.0,0.0,,,,,,,0.0,0.0,712.0,,146373.0,18599.8095238095,8.0,36529.1861812155,390596.0,,,,,,,976.0,121.1363636364,0.0,258.6415602914,56.323027926,0.0,121.1363636364,0.0,0.0,1.0,22.0,0.0,,0.0,,,11758.0,390604.0,107354.0,9083.8139534884,3.0,20677.2449454948,,112.0,16.0,,,,0.0,0.0,712.0,,,107354.0,18597.0476190476,274.0,29844.4916500117,390538.0,,,,,,,640.0,87.6363636364,0.0,137.7805520365,0.0,56.323027926,0.0,87.6363636364,32.0,0.0,0.0,0.0,0.0,0.0,,230.0,26883.0,,Bruteforce,,,,,,976.0,102.0666666667,0.0,203.7409674518,41510.3818181818,104.3863636364,6.0,1.0,,0.0,,,2665.0,,22.0,,1928.0,,22.0,0.0,,7060.0,22.0,22.0,,,,,2665.0,1928.0,0.0,
CICD_DOS.csv,1.0,,0.0,0.0,0.0,0.0,,,,,,,0.0,0.0,0.0,,0.0,0.0,0.0,0.0,0.0,,,,,,,0.0,0.0,0.0,0.0,0.0,0.0,0.0,0.0,0.0,0.0,80.0,0.0,,0.0,,,0.0,14992.0,14992.0,14992.0,14992.0,0.0,,133.0,0.0,,,,0.0,0.0,64.0,,,14992.0,14992.0,14992.0,0.0,14992.0,,,,,,,0.0,0.0,0.0,0.0,0.0,133.4044824,0.0,0.0,32.0,0.0,0.0,0.0,0.0,0.0,,-1.0,225.0,,DoS,,,,,,0.0,0.0,0.0,0.0,0.0,0.0,6.0,0.0,,0.0,,,0.0,,0.0,,0.0,,2.0,0.0,,132.0,0.0,2.0,,,,,0.0,0.0,0.0,
CICD_DOS.csv,1.0,,0.0,0.0,0.0,0.0,,,,,,,0.0,0.0,0.0,,0.0,0.0,0.0,0.0,0.0,,,,,,,0.0,0.0,0.0,0.0,0.0,0.0,0.0,0.0,0.0,0.0,80.0,0.0,,0.0,,,0.0,12826.0,12826.0,12826.0,12826.0,0.0,,155.0,0.0,,,,0.0,0.0,40.0,,,12826.0,12826.0,12826.0,0.0,12826.0,,,,,,,0.0,0.0,0.0,0.0,0.0,155.9332606,0.0,0.0,20.0,0.0,0.0,0.0,0.0,0.0,,-1.0,32738.0,,DDoS,,,,,,0.0,0.0,0.0,0.0,0.0,0.0,6.0,0.0,,0.0,,,0.0,,0.0,,0.0,,2.0,0.0,,1189.0,0.0,2.0,,,,,0.0,0.0,0.0,
CICD_DOS_2019.csv,,1.0,0.0,0.0,0.0,0.0,3.0,6.0,0.0,0.0,0.0,0.0,,,,40.0,3.0,3.0,3.0,0.0,,3.0,6.0,6.0,6.0,0.0,11904.761904761905,,,,,,0.0,,0.0,0.0,1.0,,,0.0,,0.0,71428.57142857143,,168.0,163.0,56.0,2.0,92.6660671443436,23809.52380952381,,,0.0,0.0,0.0,,,,64.0,64.0,2.0,2.0,2.0,0.0,,2.0,0.0,0.0,0.0,0.0,11904.761904761905,,,,,,,0.0,,,0.0,0.0,0.0,0.0,0.0,1.0,,,65535.0,Syn,6.0,0.0,2.4,3.286335345030997,10.8,,,,,,,6.0,,0.0,,0.0,12.0,,2.0,,0.0,,2.0,,,0.0,,,,2.0,2.0,12.0,0.0,,,,0.0
CICD_DOS_2019.csv,,0.0,0.0,0.0,0.0,0.0,432.0,0.0,349.5,0.0,0.0,0.0,,,,0.0,0.0,0.0,0.0,0.0,,0.0,0.0,0.0,0.0,0.0,0.0,,,,,,0.0,,0.0,0.0,0.0,,,0.0,,0.0,12977.488976560688,,107725.0,107724.0,35908.33333333333,0.0,62194.19172505849,37.13158505453701,,,0.0,0.0,0.0,,,,80.0,80.0,107724.0,35908.33333333333,0.0,62194.19172505849,,107725.0,369.0,349.5,330.0,22.516660498395403,37.13158505453701,,,,,,,0.0,,,0.0,0.0,0.0,0.0,0.0,1.0,,,-1.0,UDP,369.0,330.0,345.6,21.36117974270148,456.3,,,,,,,17.0,,0.0,,0.0,0.0,,0.0,,1398.0,,4.0,,,0.0,,,,0.0,4.0,0.0,1398.0,,,,0.0
CICD_DOS.csv,0.0,,0.0,0.0,0.0,0.0,,,,,,,0.0,0.0,92.0,,1102126.0,367473.6667,20.0,636227.5964,1102421.0,,,,,,,964.0,241.0,0.0,482.0,3.62836145,0.0,241.0,0.0,0.0,1.0,80.0,1.0,,0.0,,,892.0,1102426.0,1102126.0,183737.6667,1.0,449916.5725,,6.0,1.0,,,,0.0,0.0,72.0,,,273.0,137.0,1.0,192.3330445,274.0,,,,,,,20.0,6.666666667,0.0,11.54700538,0.0,2.721271088,0.0,6.666666667,20.0,0.0,0.0,0.0,0.0,0.0,,211.0,8192.0,,DDoS,,,,,,964.0,123.0,0.0,339.8873763,115523.4286,140.5714286,6.0,1.0,,1.0,,,964.0,,4.0,,20.0,,3.0,0.0,,31777.0,4.0,3.0,,,,,964.0,20.0,0.0,
CICD_DOS.csv,0.0,,0.0,0.0,0.0,0.0,,,,,,,0.0,0.0,92.0,,24824.0,10957.333333333332,1.0,12664.827765640295,32872.0,,,,,,,858.0,214.5,0.0,429.0,71.38650438134671,0.0,214.5,0.0,0.0,1.0,80.0,1.0,,0.0,,,23093.0,56033.0,23209.0,9338.833333333332,1.0,11127.37903401635,,124.0,1.0,,,,0.0,0.0,72.0,,,23185.0,12388.0,1591.0,15269.263832942308,24776.0,,,,,,,436.0,145.33333333333334,0.0,251.72471736667683,0.0,53.53987828601003,0.0,145.33333333333334,20.0,0.0,0.0,0.0,0.0,0.0,,31.0,8192.0,,Benign,,,,,,858.0,161.75,0.0,320.03470793917694,102422.21428571428,184.8571428571429,6.0,1.0,,1.0,,,858.0,,4.0,,436.0,,3.0,0.0,,3439.0,4.0,3.0,,,,,858.0,436.0,0.0,
CICD_DOS.csv,0.0,,0.0,0.0,0.0,0.0,,,,,,,0.0,0.0,8.0,,0.0,0.0,0.0,0.0,0.0,,,,,,,38.0,38.0,38.0,0.0,87.36676568233445,0.0,38.0,0.0,0.0,1.0,53.0,0.0,,0.0,,,6639.0,11446.0,11446.0,11446.0,11446.0,0.0,,174.0,0.0,,,,0.0,0.0,8.0,,,0.0,0.0,0.0,0.0,0.0,,,,,,,38.0,38.0,38.0,0.0,0.0,87.36676568233445,0.0,38.0,8.0,0.0,0.0,0.0,0.0,0.0,,-1.0,-1.0,,Benign,,,,,,38.0,38.0,38.0,0.0,0.0,57.0,17.0,0.0,,0.0,,,38.0,,1.0,,38.0,,1.0,0.0,,15496.0,1.0,1.0,,,,,38.0,38.0,0.0,
CICD_DOS.csv,0.0,,0.0,0.0,0.0,0.0,,,,,,,0.0,0.0,192.0,,5004489.0,647003.125,1.0,1760968.972,5176025.0,,,,,,,1460.0,725.0,0.0,710.4290957,1.715778605,0.0,725.0,0.0,0.0,1.0,443.0,1.0,,0.0,,,1383.0,5245432.0,5004474.0,327839.5,1.0,1247397.42,,3.0,3.0,,,,0.0,0.0,172.0,,,93431.0,34422.57143,30.0,41480.59206,240958.0,,,,,,,413.0,91.25,0.0,149.4339319,0.0,1.525136538,0.0,91.25,20.0,0.0,0.0,0.0,0.0,0.0,,57.0,8192.0,,Infilteration,,,,,,1460.0,403.0555556,0.0,597.3992135,356885.8203,426.7647059,6.0,1.0,,1.0,,,6525.0,,9.0,,730.0,,8.0,0.0,,24745.0,9.0,8.0,,,,,6525.0,730.0,0.0,
CICD_DOS_2019.csv,,0.0,0.0,0.0,0.0,0.0,432.0,0.0,349.5,0.0,0.0,0.0,,,,0.0,0.0,0.0,0.0,0.0,,0.0,0.0,0.0,0.0,0.0,0.0,,,,,,0.0,,0.0,0.0,0.0,,,0.0,,0.0,12679.46706331571,,110257.0,110255.0,36752.33333333333,1.0,63655.176579233,36.27887571764151,,,0.0,0.0,0.0,,,,80.0,80.0,110255.0,36752.33333333333,1.0,63655.176579233,,110257.0,369.0,349.5,330.0,22.516660498395403,36.27887571764151,,,,,,,0.0,,,0.0,0.0,0.0,0.0,0.0,1.0,,,-1.0,UDP,369.0,330.0,345.6,21.36117974270148,456.3,,,,,,,17.0,,0.0,,0.0,0.0,,0.0,,1398.0,,4.0,,,0.0,,,,0.0,4.0,0.0,1398.0,,,,0.0
CICD_DOS.csv,0.0,,0.0,0.0,0.0,0.0,,,,,,,0.0,0.0,16.0,,26049.0,26049.0,26049.0,0.0,26049.0,,,,,,,205.0,205.0,205.0,0.0,75.7059580589,0.0,205.0,0.0,0.0,1.0,53.0,0.0,,0.0,,,21349.0,26418.0,25651.0,8806.0,369.0,14588.2051329147,,151.0,1.0,,,,0.0,0.0,16.0,,,26020.0,26020.0,26020.0,0.0,26020.0,,,,,,,77.0,77.0,77.0,0.0,0.0,75.7059580589,0.0,77.0,8.0,0.0,0.0,0.0,0.0,0.0,,-1.0,-1.0,,Benign,,,,,,205.0,128.2,77.0,70.1084873607,4915.2,160.25,17.0,0.0,,0.0,,,410.0,,2.0,,154.0,,2.0,0.0,,21705.0,2.0,2.0,,,,,410.0,154.0,0.0,
CICD_DOS_2019.csv,,1.0,0.0,0.0,0.0,0.0,7.5,6.0,6.0,0.0,0.0,0.0,,,,40.0,46.0,46.0,46.0,0.0,,46.0,6.0,6.0,6.0,0.0,18181.81818181818,,,,,,0.0,,0.0,0.0,1.0,,,0.0,,0.0,218181.8181818181,,110.0,63.0,36.66666666666666,1.0,32.036437588054845,36363.63636363636,,,0.0,0.0,0.0,,,,40.0,40.0,1.0,1.0,1.0,0.0,,1.0,6.0,6.0,6.0,0.0,18181.81818181818,,,,,,,0.0,,,0.0,0.0,0.0,0.0,0.0,1.0,,,5840.0,Syn,6.0,6.0,6.0,0.0,0.0,,,,,,,6.0,,0.0,,0.0,12.0,,2.0,,12.0,,2.0,,,0.0,,,,2.0,2.0,12.0,12.0,,,,0.0
CICD_DOS.csv,0.0,,0.0,0.0,0.0,0.0,,,,,,,0.0,0.0,92.0,,1156083.0,385474.6667,36.0,667366.4066,1156424.0,,,,,,,964.0,241.0,0.0,482.0,3.458923981,0.0,241.0,0.0,0.0,1.0,80.0,1.0,,0.0,,,850.0,1156429.0,1156083.0,192738.1667,5.0,471940.6671,,6.0,1.0,,,,0.0,0.0,72.0,,,261.0,152.5,44.0,153.4421715,305.0,,,,,,,20.0,6.666666667,0.0,11.54700538,0.0,2.594192985,0.0,6.666666667,20.0,0.0,0.0,0.0,0.0,0.0,,211.0,8192.0,,DDoS,,,,,,964.0,123.0,0.0,339.8873763,115523.4286,140.5714286,6.0,1.0,,1.0,,,964.0,,4.0,,20.0,,3.0,0.0,,31240.0,4.0,3.0,,,,,964.0,20.0,0.0,
CICD_DOS.csv,0.0,,0.0,0.0,0.0,0.0,,,,,,,0.0,0.0,8.0,,0.0,0.0,0.0,0.0,0.0,,,,,,,69.0,69.0,69.0,0.0,863.5578583765113,0.0,69.0,0.0,0.0,1.0,53.0,0.0,,0.0,,,91537.0,1158.0,1158.0,1158.0,1158.0,0.0,,1727.0,0.0,,,,0.0,0.0,8.0,,,0.0,0.0,0.0,0.0,0.0,,,,,,,37.0,37.0,37.0,0.0,0.0,863.5578583765113,0.0,37.0,8.0,0.0,0.0,0.0,0.0,0.0,,-1.0,-1.0,,Benign,,,,,,69.0,47.66666666666666,37.0,18.475208614068023,341.3333333333333,71.5,17.0,0.0,,0.0,,,69.0,,1.0,,37.0,,1.0,0.0,,13290.0,1.0,1.0,,,,,69.0,37.0,0.0,
CICD_DOS.csv,0.0,,0.0,0.0,0.0,0.0,,,,,,,0.0,0.0,648.0,,257344.0,21069.7368421053,7.0,59954.146620417,400325.0,,,,,,,976.0,133.25,0.0,268.7712537496,49.9566625952,0.0,133.25,0.0,0.0,0.0,22.0,0.0,,0.0,,,11472.0,400347.0,220596.0,9764.5609756098,3.0,35204.4793229844,,104.0,16.0,,,,0.0,0.0,712.0,,,220596.0,19062.4761904762,372.0,48192.361212768,400312.0,,,,,,,640.0,87.6363636364,0.0,137.7805520365,0.0,54.9523288547,0.0,87.6363636364,32.0,0.0,0.0,0.0,0.0,0.0,,230.0,26883.0,,Bruteforce,,,,,,976.0,106.8139534884,0.0,207.2870399796,42967.9169435216,109.3571428571,6.0,1.0,,0.0,,,2665.0,,20.0,,1928.0,,22.0,0.0,,4282.0,20.0,22.0,,,,,2665.0,1928.0,0.0,
CICD_DOS.csv,0.0,,0.0,0.0,0.0,0.0,,,,,,,0.0,0.0,92.0,,315.0,167.3333333333,26.0,144.6040571123,502.0,,,,,,,488.0,122.0,0.0,244.0,5681.8181818182,0.0,122.0,0.0,0.0,1.0,80.0,0.0,,0.0,,,921875.0,704.0,202.0,117.3333333333,26.0,74.5859682961,,9943.0,1.0,,,,0.0,0.0,72.0,,,237.0,170.5,104.0,94.0452018978,341.0,,,,,,,161.0,53.6666666667,0.0,92.9533933395,0.0,4261.3636363636,0.0,53.6666666667,20.0,0.0,0.0,0.0,0.0,0.0,,149.0,8192.0,,Benign,,,,,,488.0,81.125,0.0,173.7875858627,30202.125,92.7142857143,6.0,1.0,,0.0,,,488.0,,4.0,,161.0,,3.0,0.0,,2671.0,4.0,3.0,,,,,488.0,161.0,0.0,
CICD_DOS_2019.csv,,0.0,0.0,0.0,0.0,0.0,318.0,0.0,212.0,0.0,0.0,0.0,,,,0.0,0.0,0.0,0.0,0.0,,0.0,0.0,0.0,0.0,0.0,0.0,,,,,,0.0,,0.0,0.0,0.0,,,0.0,,0.0,9021276.59574468,,47.0,47.0,47.0,47.0,0.0,42553.19148936171,,,0.0,0.0,0.0,,,,28.0,28.0,47.0,47.0,47.0,0.0,,47.0,212.0,212.0,212.0,0.0,42553.191489361714,,,,,,,0.0,,,0.0,0.0,0.0,0.0,0.0,1.0,,,-1.0,NetBIOS,212.0,212.0,212.0,0.0,0.0,,,,,,,17.0,,0.0,,0.0,0.0,,0.0,,424.0,,2.0,,,0.0,,,,0.0,2.0,0.0,424.0,,,,0.0
CICD_DOS.csv,0.0,,0.0,0.0,0.0,0.0,,,,,,,0.0,0.0,648.0,,185596.0,20324.9473684211,12.0,45585.7192885297,386174.0,,,,,,,976.0,133.25,0.0,268.7712537496,51.78905283,0.0,133.25,0.0,0.0,0.0,22.0,0.0,,0.0,,,11851.0,386182.0,148363.0,9419.0731707317,4.0,25337.3259662402,,108.0,16.0,,,,0.0,0.0,712.0,,,148363.0,18387.1428571429,249.0,34949.0491863308,386130.0,,,,,,,640.0,86.9090909091,0.0,137.6880217811,0.0,56.967958113,0.0,86.9090909091,32.0,0.0,0.0,0.0,0.0,0.0,,230.0,26883.0,,Bruteforce,,,,,,976.0,106.4418604651,0.0,207.2918694941,42969.919158361,108.9761904762,6.0,1.0,,0.0,,,2665.0,,20.0,,1912.0,,22.0,0.0,,8876.0,20.0,22.0,,,,,2665.0,1912.0,0.0,
CICD_DOS.csv,1.0,,0.0,0.0,0.0,0.0,,,,,,,0.0,0.0,0.0,,0.0,0.0,0.0,0.0,0.0,,,,,,,0.0,0.0,0.0,0.0,0.0,0.0,0.0,0.0,0.0,0.0,52237.0,0.0,,0.0,,,0.0,0.0,0.0,0.0,0.0,0.0,,0.0,0.0,,,,0.0,0.0,40.0,,,0.0,0.0,0.0,0.0,0.0,,,,,,,31.0,15.5,0.0,21.920310216782973,0.0,0.0,1.0,15.5,20.0,0.0,0.0,0.0,0.0,0.0,,-1.0,62.0,,Benign,,,,,,31.0,20.666666666666664,0.0,17.8978583448784,320.33333333333337,31.0,6.0,0.0,,0.0,,,0.0,,0.0,,31.0,,2.0,1.0,,5609.0,0.0,2.0,,,,,0.0,31.0,0.0,
CICD_DOS.csv,0.0,,0.0,0.0,0.0,0.0,,,,,,,0.0,0.0,20.0,,0.0,0.0,0.0,0.0,0.0,,,,,,,0.0,0.0,0.0,0.0,1000000.0,0.0,0.0,0.0,0.0,1.0,21.0,0.0,,0.0,,,0.0,1.0,1.0,1.0,1.0,0.0,,2000000.0,0.0,,,,0.0,0.0,40.0,,,0.0,0.0,0.0,0.0,0.0,,,,,,,0.0,0.0,0.0,0.0,0.0,1000000.0,0.0,0.0,40.0,0.0,0.0,0.0,0.0,0.0,,0.0,26883.0,,Bruteforce,,,,,,0.0,0.0,0.0,0.0,0.0,0.0,6.0,1.0,,0.0,,,0.0,,1.0,,0.0,,1.0,0.0,,28894.0,1.0,1.0,,,,,0.0,0.0,0.0,
CICD_DOS.csv,0.0,,0.0,0.0,0.0,0.0,,,,,,,0.0,0.0,92.0,,1694203.0,564858.6667,22.0,978040.8961,1694576.0,,,,,,,964.0,241.0,0.0,482.0,2.360464114,0.0,241.0,0.0,0.0,1.0,80.0,1.0,,0.0,,,580.0,1694582.0,1694203.0,282430.3333,4.0,691624.5459,,4.0,1.0,,,,0.0,0.0,72.0,,,346.0,176.5,7.0,239.7091988,353.0,,,,,,,20.0,6.666666667,0.0,11.54700538,0.0,1.770348086,0.0,6.666666667,20.0,0.0,0.0,0.0,0.0,0.0,,211.0,8192.0,,DDoS,,,,,,964.0,123.0,0.0,339.8873763,115523.4286,140.5714286,6.0,1.0,,1.0,,,964.0,,4.0,,20.0,,3.0,0.0,,29697.0,4.0,3.0,,,,,964.0,20.0,0.0,
CICD_DOS.csv,1.0,,0.0,0.0,0.0,0.0,,,,,,,0.0,0.0,0.0,,0.0,0.0,0.0,0.0,0.0,,,,,,,0.0,0.0,0.0,0.0,0.0,0.0,0.0,0.0,0.0,0.0,80.0,0.0,,0.0,,,0.0,4891.0,4891.0,4891.0,4891.0,0.0,,408.0,0.0,,,,0.0,0.0,64.0,,,4891.0,4891.0,4891.0,0.0,4891.0,,,,,,,0.0,0.0,0.0,0.0,0.0,408.9143324,0.0,0.0,32.0,0.0,0.0,0.0,0.0,0.0,,-1.0,225.0,,DoS,,,,,,0.0,0.0,0.0,0.0,0.0,0.0,6.0,0.0,,0.0,,,0.0,,0.0,,0.0,,2.0,0.0,,203.0,0.0,2.0,,,,,0.0,0.0,0.0,
CICD_DOS.csv,1.0,,0.0,0.0,0.0,0.0,,,,,,,0.0,0.0,0.0,,0.0,0.0,0.0,0.0,0.0,,,,,,,0.0,0.0,0.0,0.0,0.0,0.0,0.0,0.0,0.0,0.0,80.0,0.0,,0.0,,,0.0,405.0,405.0,405.0,405.0,0.0,,4938.0,0.0,,,,0.0,0.0,64.0,,,405.0,405.0,405.0,0.0,405.0,,,,,,,0.0,0.0,0.0,0.0,0.0,4938.271605,0.0,0.0,32.0,0.0,0.0,0.0,0.0,0.0,,-1.0,225.0,,DoS,,,,,,0.0,0.0,0.0,0.0,0.0,0.0,6.0,0.0,,0.0,,,0.0,,0.0,,0.0,,2.0,0.0,,97.0,0.0,2.0,,,,,0.0,0.0,0.0,
CICD_DOS.csv,0.0,,0.0,0.0,0.0,0.0,,,,,,,0.0,0.0,92.0,,1694985.0,565106.3333,25.0,978503.6388,1695319.0,,,,,,,964.0,241.0,0.0,482.0,2.359429608,0.0,241.0,0.0,0.0,1.0,80.0,1.0,,0.0,,,580.0,1695325.0,1694985.0,282554.1667,2.0,691946.9773,,4.0,1.0,,,,0.0,0.0,72.0,,,304.0,153.0,2.0,213.5462479,306.0,,,,,,,20.0,6.666666667,0.0,11.54700538,0.0,1.769572206,0.0,6.666666667,20.0,0.0,0.0,0.0,0.0,0.0,,211.0,8192.0,,DDoS,,,,,,964.0,123.0,0.0,339.8873763,115523.4286,140.5714286,6.0,1.0,,1.0,,,964.0,,4.0,,20.0,,3.0,0.0,,29158.0,4.0,3.0,,,,,964.0,20.0,0.0,
CICD_DOS.csv,1.0,,0.0,0.0,0.0,0.0,,,,,,,0.0,0.0,0.0,,0.0,0.0,0.0,0.0,0.0,,,,,,,0.0,0.0,0.0,0.0,0.0,0.0,0.0,0.0,0.0,0.0,80.0,0.0,,0.0,,,0.0,219.0,219.0,219.0,219.0,0.0,,9132.0,0.0,,,,0.0,0.0,64.0,,,219.0,219.0,219.0,0.0,219.0,,,,,,,0.0,0.0,0.0,0.0,0.0,9132.420091,0.0,0.0,32.0,0.0,0.0,0.0,0.0,0.0,,-1.0,225.0,,DoS,,,,,,0.0,0.0,0.0,0.0,0.0,0.0,6.0,0.0,,0.0,,,0.0,,0.0,,0.0,,2.0,0.0,,178.0,0.0,2.0,,,,,0.0,0.0,0.0,
CICD_DOS.csv,1.0,,0.0,0.0,0.0,0.0,,,,,,,0.0,0.0,0.0,,0.0,0.0,0.0,0.0,0.0,,,,,,,0.0,0.0,0.0,0.0,0.0,0.0,0.0,0.0,0.0,0.0,80.0,0.0,,0.0,,,0.0,14563.0,14563.0,14563.0,14563.0,0.0,,137.0,0.0,,,,0.0,0.0,40.0,,,14563.0,14563.0,14563.0,0.0,14563.0,,,,,,,0.0,0.0,0.0,0.0,0.0,137.3343405,0.0,0.0,20.0,0.0,0.0,0.0,0.0,0.0,,-1.0,32738.0,,DDoS,,,,,,0.0,0.0,0.0,0.0,0.0,0.0,6.0,0.0,,0.0,,,0.0,,0.0,,0.0,,2.0,0.0,,969.0,0.0,2.0,,,,,0.0,0.0,0.0,
CICD_DOS_2019.csv,,0.0,0.0,0.0,0.0,0.0,640.5,0.0,427.0,0.0,0.0,0.0,,,,0.0,0.0,0.0,0.0,0.0,,0.0,0.0,0.0,0.0,0.0,0.0,,,,,,0.0,,0.0,0.0,0.0,,,0.0,,0.0,18977777.777777776,,45.0,45.0,45.0,45.0,0.0,44444.444444444445,,,0.0,0.0,0.0,,,,966.0,966.0,45.0,45.0,45.0,0.0,,45.0,427.0,427.0,427.0,0.0,44444.444444444445,,,,,,,0.0,,,0.0,0.0,0.0,0.0,0.0,1.0,,,-1.0,MSSQL,427.0,427.0,427.0,0.0,0.0,,,,,,,17.0,,0.0,,0.0,0.0,,0.0,,854.0,,2.0,,,0.0,,,,0.0,2.0,0.0,854.0,,,,0.0
CICD_DOS.csv,1.0,,0.0,0.0,0.0,0.0,,,,,,,0.0,0.0,0.0,,0.0,0.0,0.0,0.0,0.0,,,,,,,0.0,0.0,0.0,0.0,0.0,0.0,0.0,0.0,0.0,0.0,80.0,0.0,,0.0,,,0.0,5159134.0,5159134.0,5159134.0,5159134.0,0.0,,0.0,0.0,,,,0.0,0.0,40.0,,,5159134.0,5159134.0,5159134.0,0.0,5159134.0,,,,,,,0.0,0.0,0.0,0.0,0.0,0.38766196,0.0,0.0,20.0,0.0,5159134.0,5159134.0,5159134.0,0.0,,-1.0,2049.0,,DDoS,,,,,,0.0,0.0,0.0,0.0,0.0,0.0,6.0,0.0,,0.0,,,0.0,,0.0,,0.0,,2.0,0.0,,28608.0,0.0,2.0,,,,,0.0,0.0,0.0,
CICD_DOS_2019.csv,,0.0,0.0,0.0,0.0,0.0,1209.0,0.0,806.0,0.0,0.0,0.0,,,,0.0,0.0,0.0,0.0,0.0,,0.0,0.0,0.0,0.0,0.0,0.0,,,,,,0.0,,0.0,0.0,0.0,,,0.0,,0.0,1612000000.0,,1.0,1.0,1.0,1.0,0.0,2000000.0,,,0.0,0.0,0.0,,,,1140.0,1140.0,1.0,1.0,1.0,0.0,,1.0,806.0,806.0,806.0,0.0,2000000.0,,,,,,,0.0,,,0.0,0.0,0.0,0.0,0.0,1.0,,,-1.0,MSSQL,806.0,806.0,806.0,0.0,0.0,,,,,,,17.0,,0.0,,0.0,0.0,,0.0,,1612.0,,2.0,,,0.0,,,,0.0,2.0,0.0,1612.0,,,,0.0
CICD_DOS_2019.csv,,0.0,0.0,0.0,0.0,0.0,401.5,0.0,348.0,0.0,0.0,0.0,,,,0.0,0.0,0.0,0.0,0.0,,0.0,0.0,0.0,0.0,0.0,0.0,,,,,,0.0,,0.0,0.0,0.0,,,0.0,,0.0,9674.99791487114,,215814.0,109542.0,43162.8,1.0,59093.73540994003,27.801718146181432,,,0.0,0.0,0.0,,,,132.0,132.0,109542.0,43162.8,1.0,59093.73540994003,,215814.0,393.0,348.0,321.0,35.08845964131227,27.801718146181432,,,,,,,0.0,,,0.0,0.0,0.0,0.0,0.0,1.0,,,-1.0,UDP,393.0,321.0,344.1428571428572,33.61759743263722,1130.1428571428569,,,,,,,17.0,,0.0,,0.0,0.0,,0.0,,2088.0,,6.0,,,0.0,,,,0.0,6.0,0.0,2088.0,,,,0.0
CICD_DOS.csv,1.0,,0.0,0.0,0.0,0.0,,,,,,,0.0,0.0,0.0,,0.0,0.0,0.0,0.0,0.0,,,,,,,0.0,0.0,0.0,0.0,0.0,0.0,0.0,0.0,0.0,0.0,80.0,0.0,,0.0,,,0.0,7596.0,7596.0,7596.0,7596.0,0.0,,263.0,0.0,,,,0.0,0.0,40.0,,,7596.0,7596.0,7596.0,0.0,7596.0,,,,,,,0.0,0.0,0.0,0.0,0.0,263.2964718,0.0,0.0,20.0,0.0,0.0,0.0,0.0,0.0,,-1.0,32738.0,,DDoS,,,,,,0.0,0.0,0.0,0.0,0.0,0.0,6.0,0.0,,0.0,,,0.0,,0.0,,0.0,,2.0,0.0,,136.0,0.0,2.0,,,,,0.0,0.0,0.0,
CICD_DOS.csv,1.0,,0.0,0.0,0.0,0.0,,,,,,,0.0,0.0,0.0,,0.0,0.0,0.0,0.0,0.0,,,,,,,0.0,0.0,0.0,0.0,0.0,0.0,0.0,0.0,0.0,0.0,80.0,0.0,,0.0,,,0.0,2.3086732E7,2.31E7,2.31E7,2.31E7,0.0,,0.0,0.0,,,,0.0,0.0,40.0,,,2.31E7,2.31E7,2.31E7,0.0,2.31E7,,,,,,,0.0,0.0,0.0,0.0,0.0,0.086629844,0.0,0.0,20.0,0.0,2.31E7,2.31E7,2.31E7,0.0,,-1.0,2049.0,,DDoS,,,,,,0.0,0.0,0.0,0.0,0.0,0.0,6.0,0.0,,0.0,,,0.0,,0.0,,0.0,,2.0,0.0,,30112.0,0.0,2.0,,,,,0.0,0.0,0.0,
CICD_DOS.csv,1.0,,0.0,0.0,0.0,0.0,,,,,,,0.0,0.0,0.0,,0.0,0.0,0.0,0.0,0.0,,,,,,,0.0,0.0,0.0,0.0,0.0,0.0,0.0,0.0,0.0,0.0,80.0,0.0,,0.0,,,0.0,1875.0,1875.0,1875.0,1875.0,0.0,,1066.0,0.0,,,,0.0,0.0,40.0,,,1875.0,1875.0,1875.0,0.0,1875.0,,,,,,,0.0,0.0,0.0,0.0,0.0,1066.666667,0.0,0.0,20.0,0.0,0.0,0.0,0.0,0.0,,-1.0,32738.0,,DDoS,,,,,,0.0,0.0,0.0,0.0,0.0,0.0,6.0,0.0,,0.0,,,0.0,,0.0,,0.0,,2.0,0.0,,977.0,0.0,2.0,,,,,0.0,0.0,0.0,
CICD_DOS.csv,1.0,,0.0,0.0,0.0,0.0,,,,,,,0.0,0.0,0.0,,0.0,0.0,0.0,0.0,0.0,,,,,,,0.0,0.0,0.0,0.0,0.0,0.0,0.0,0.0,0.0,0.0,80.0,0.0,,0.0,,,0.0,2140.0,2140.0,2140.0,2140.0,0.0,,934.0,0.0,,,,0.0,0.0,64.0,,,2140.0,2140.0,2140.0,0.0,2140.0,,,,,,,0.0,0.0,0.0,0.0,0.0,934.5794393,0.0,0.0,32.0,0.0,0.0,0.0,0.0,0.0,,-1.0,225.0,,DoS,,,,,,0.0,0.0,0.0,0.0,0.0,0.0,6.0,0.0,,0.0,,,0.0,,0.0,,0.0,,2.0,0.0,,160.0,0.0,2.0,,,,,0.0,0.0,0.0,
CICD_DOS.csv,0.0,,0.0,0.0,0.0,0.0,,,,,,,0.0,0.0,92.0,,19691.0,6684.333333,1.0,11265.54186,20053.0,,,,,,,112.0,32.25,0.0,53.7672453,195.283894,0.0,32.25,0.0,0.0,1.0,8080.0,1.0,,0.0,,,22213.0,20483.0,19691.0,3413.833333,1.0,7975.848329,,341.0,1.0,,,,0.0,0.0,72.0,,,466.0,262.0,58.0,288.4995667,524.0,,,,,,,326.0,108.6666667,0.0,188.2161878,0.0,146.4629205,0.0,108.6666667,20.0,0.0,0.0,0.0,0.0,0.0,,219.0,8192.0,,Bot,,,,,,326.0,56.875,0.0,115.4066568,13318.69643,65.0,6.0,1.0,,1.0,,,129.0,,4.0,,326.0,,3.0,0.0,,27772.0,4.0,3.0,,,,,129.0,326.0,0.0,
CICD_DOS_2019.csv,,0.0,0.0,0.0,0.0,0.0,442.0,0.0,359.5,0.0,0.0,0.0,,,,0.0,0.0,0.0,0.0,0.0,,0.0,0.0,0.0,0.0,0.0,0.0,,,,,,0.0,,0.0,0.0,0.0,,,0.0,,0.0,13404.175988068606,,107280.0,107278.0,35760.0,1.0,61936.40482785549,37.28560775540641,,,0.0,0.0,0.0,,,,80.0,80.0,107278.0,35760.0,1.0,61936.40482785549,,107280.0,389.0,359.5,330.0,34.06366588218791,37.28560775540641,,,,,,,0.0,,,0.0,0.0,0.0,0.0,0.0,1.0,,,-1.0,UDP,389.0,330.0,353.6,32.3156308928048,1044.3,,,,,,,17.0,,0.0,,0.0,0.0,,0.0,,1438.0,,4.0,,,0.0,,,,0.0,4.0,0.0,1438.0,,,,0.0
CICD_DOS.csv,0.0,,0.0,0.0,0.0,0.0,,,,,,,0.0,0.0,20.0,,0.0,0.0,0.0,0.0,0.0,,,,,,,0.0,0.0,0.0,0.0,250000.0,0.0,0.0,0.0,0.0,1.0,21.0,0.0,,0.0,,,0.0,4.0,4.0,4.0,4.0,0.0,,500000.0,0.0,,,,0.0,0.0,40.0,,,0.0,0.0,0.0,0.0,0.0,,,,,,,0.0,0.0,0.0,0.0,0.0,250000.0,0.0,0.0,40.0,0.0,0.0,0.0,0.0,0.0,,0.0,26883.0,,Bruteforce,,,,,,0.0,0.0,0.0,0.0,0.0,0.0,6.0,1.0,,0.0,,,0.0,,1.0,,0.0,,1.0,0.0,,28524.0,1.0,1.0,,,,,0.0,0.0,0.0,
CICD_DOS.csv,0.0,,0.0,0.0,0.0,0.0,,,,,,,0.0,0.0,92.0,,1524283.0,508286.0,27.0,879879.2507,1524858.0,,,,,,,964.0,241.0,0.0,482.0,2.623184756,0.0,241.0,0.0,0.0,1.0,80.0,1.0,,0.0,,,645.0,1524864.0,1524283.0,254144.0,6.0,622238.5254,,4.0,1.0,,,,0.0,0.0,72.0,,,539.0,272.5,6.0,376.8879144,545.0,,,,,,,20.0,6.666666667,0.0,11.54700538,0.0,1.967388567,0.0,6.666666667,20.0,0.0,0.0,0.0,0.0,0.0,,211.0,8192.0,,DDoS,,,,,,964.0,123.0,0.0,339.8873763,115523.4286,140.5714286,6.0,1.0,,1.0,,,964.0,,4.0,,20.0,,3.0,0.0,,30203.0,4.0,3.0,,,,,964.0,20.0,0.0,
CICD_DOS.csv,1.0,,0.0,0.0,0.0,0.0,,,,,,,0.0,0.0,0.0,,0.0,0.0,0.0,0.0,0.0,,,,,,,0.0,0.0,0.0,0.0,0.0,0.0,0.0,0.0,0.0,0.0,80.0,0.0,,0.0,,,0.0,365.0,365.0,365.0,365.0,0.0,,5479.0,0.0,,,,0.0,0.0,64.0,,,365.0,365.0,365.0,0.0,365.0,,,,,,,0.0,0.0,0.0,0.0,0.0,5479.452055,0.0,0.0,32.0,0.0,0.0,0.0,0.0,0.0,,-1.0,225.0,,DoS,,,,,,0.0,0.0,0.0,0.0,0.0,0.0,6.0,0.0,,0.0,,,0.0,,0.0,,0.0,,2.0,0.0,,65.0,0.0,2.0,,,,,0.0,0.0,0.0,
CICD_DOS_2019.csv,,0.0,0.0,0.0,0.0,0.0,432.0,0.0,349.5,0.0,0.0,0.0,,,,0.0,0.0,0.0,0.0,0.0,,0.0,0.0,0.0,0.0,0.0,0.0,,,,,,0.0,,0.0,0.0,0.0,,,0.0,,0.0,12760.13143483023,,109560.0,109558.0,36520.0,1.0,63252.76344160782,36.50967506389193,,,0.0,0.0,0.0,,,,32.0,32.0,109558.0,36520.0,1.0,63252.76344160782,,109560.0,369.0,349.5,330.0,22.516660498395403,36.50967506389193,,,,,,,0.0,,,0.0,0.0,0.0,0.0,0.0,1.0,,,-1.0,UDP,369.0,330.0,345.6,21.36117974270148,456.3,,,,,,,17.0,,0.0,,0.0,0.0,,0.0,,1398.0,,4.0,,,0.0,,,,0.0,4.0,0.0,1398.0,,,,0.0
CICD_DOS.csv,1.0,,96110.0,96110.0,96110.0,0.0,,,,,,,0.0,0.0,40.0,,73607.0,73607.0,73607.0,0.0,73607.0,,,,,,,46.0,46.0,46.0,0.0,0.037870073,0.0,46.0,0.0,0.0,0.0,443.0,0.0,,0.0,,,4.0,5.281215E7,5.27E7,8802025.0,16.0,2.15E7,,0.0,2.0,,,,0.0,0.0,112.0,,,5.27E7,1.32E7,16.0,2.63E7,5.28E7,,,,,,,46.0,24.6,0.0,23.27659769,0.0,0.094675184,1.0,24.6,20.0,0.0,5.27E7,5.27E7,5.27E7,0.0,,147.0,258.0,,Infilteration,,,,,,46.0,32.625,0.0,20.79105233,432.2678571,37.28571429,6.0,0.0,,0.0,,,92.0,,2.0,,123.0,,5.0,1.0,,6.0,2.0,5.0,,,,,92.0,123.0,0.0,
CICD_DOS.csv,1.0,,0.0,0.0,0.0,0.0,,,,,,,0.0,0.0,0.0,,0.0,0.0,0.0,0.0,0.0,,,,,,,0.0,0.0,0.0,0.0,0.0,0.0,0.0,0.0,0.0,0.0,80.0,0.0,,0.0,,,0.0,4525.0,4525.0,4525.0,4525.0,0.0,,441.0,0.0,,,,0.0,0.0,40.0,,,4525.0,4525.0,4525.0,0.0,4525.0,,,,,,,0.0,0.0,0.0,0.0,0.0,441.9889503,0.0,0.0,20.0,0.0,0.0,0.0,0.0,0.0,,-1.0,32738.0,,DDoS,,,,,,0.0,0.0,0.0,0.0,0.0,0.0,6.0,0.0,,0.0,,,0.0,,0.0,,0.0,,2.0,0.0,,828.0,0.0,2.0,,,,,0.0,0.0,0.0,
CICD_DOS.csv,0.0,,0.0,0.0,0.0,0.0,,,,,,,0.0,0.0,20.0,,0.0,0.0,0.0,0.0,0.0,,,,,,,0.0,0.0,0.0,0.0,500000.0,0.0,0.0,0.0,0.0,1.0,21.0,0.0,,0.0,,,0.0,2.0,2.0,2.0,2.0,0.0,,1000000.0,0.0,,,,0.0,0.0,40.0,,,0.0,0.0,0.0,0.0,0.0,,,,,,,0.0,0.0,0.0,0.0,0.0,500000.0,0.0,0.0,40.0,0.0,0.0,0.0,0.0,0.0,,0.0,26883.0,,Bruteforce,,,,,,0.0,0.0,0.0,0.0,0.0,0.0,6.0,1.0,,0.0,,,0.0,,1.0,,0.0,,1.0,0.0,,24454.0,1.0,1.0,,,,,0.0,0.0,0.0,
CICD_DOS.csv,0.0,,249304.0,155759.0,62214.0,132292.60769219117,,,,,,,0.0,0.0,272.0,,5.8558736E7,4895663.083333334,1.0,1.689950909794777E7,5.8747957E7,,,,,,,1460.0,604.4615384615385,0.0,703.394225095313,0.1112914613021739,0.0,604.4615384615385,0.0,0.0,0.0,443.0,0.0,,0.0,,,78.0,1.16810399E8,5.8498718E7,4492707.653846154,1.0,1.5825724735398116E7,,0.0,6.0,,,,0.0,0.0,292.0,,,5.8498718E7,8985415.307692308,96.0,2.186426865762912E7,1.16810399E8,,,,,,,716.0,90.14285714285715,0.0,192.013163468172,0.0,0.1198523429408027,0.0,90.14285714285714,20.0,0.0,5.8498718E7,5.82494405E7,5.8000163E7,352531.6212944592,,65.0,8192.0,,Benign,,,,,,1460.0,325.7142857142858,0.0,554.7626691186232,307761.619047619,337.77777777777777,6.0,1.0,,0.0,,,7858.0,,13.0,,1262.0,,14.0,0.0,,7421.0,13.0,14.0,,,,,7858.0,1262.0,0.0,
CICD_DOS.csv,0.0,,0.0,0.0,0.0,0.0,,,,,,,0.0,0.0,164.0,,819247.0,428861.8333333333,80720.0,285057.1292133678,2573171.0,,,,,,,133.0,35.714285714285715,0.0,47.12293951539344,2.7203291753749586,0.0,35.714285714285715,0.0,0.0,1.0,445.0,0.0,,0.0,,,296.0,2573218.0,819247.0,214434.8333333333,25.0,294313.0362663763,,5.0,4.0,,,,0.0,0.0,132.0,,,1129870.0,514630.6,8224.0,449413.84570549225,2573153.0,,,,,,,140.0,85.5,0.0,68.29860906343555,0.0,2.331710721749965,0.0,85.5,20.0,0.0,0.0,0.0,0.0,0.0,,0.0,8192.0,,Benign,,,,,,140.0,54.49999999999999,0.0,60.67156221442185,3681.038461538461,58.69230769230769,6.0,1.0,,0.0,,,250.0,,7.0,,513.0,,6.0,0.0,,26956.0,7.0,6.0,,,,,250.0,513.0,0.0,
CICD_DOS.csv,0.0,,0.0,0.0,0.0,0.0,,,,,,,0.0,0.0,92.0,,9436.0,3335.666667,23.0,5289.561072,10007.0,,,,,,,112.0,32.25,0.0,53.7672453,381.2791917,0.0,32.25,0.0,0.0,1.0,8080.0,1.0,,0.0,,,43370.0,10491.0,9436.0,1748.5,22.0,3772.664562,,667.0,1.0,,,,0.0,0.0,72.0,,,506.0,274.5,43.0,327.3904397,549.0,,,,,,,326.0,108.6666667,0.0,188.2161878,0.0,285.9593938,0.0,108.6666667,20.0,0.0,0.0,0.0,0.0,0.0,,219.0,8192.0,,Bot,,,,,,326.0,56.875,0.0,115.4066568,13318.69643,65.0,6.0,1.0,,1.0,,,129.0,,4.0,,326.0,,3.0,0.0,,6365.0,4.0,3.0,,,,,129.0,326.0,0.0,
CICD_DOS.csv,0.0,,0.0,0.0,0.0,0.0,,,,,,,0.0,0.0,40.0,,882.0,882.0,882.0,0.0,882.0,,,,,,,312.0,156.0,0.0,220.6173157,723.065799,0.0,156.0,0.0,0.0,0.0,62868.0,1.0,,0.0,,,450831.0,2766.0,1503.0,461.0,5.0,613.9547215,,2530.0,1.0,,,,0.0,0.0,124.0,,,1503.0,691.5,5.0,793.0353082,2766.0,,,,,,,935.0,187.0,0.0,418.1447118,0.0,1807.664497,0.0,187.0,20.0,0.0,0.0,0.0,0.0,0.0,,32768.0,65535.0,,Benign,,,,,,935.0,155.875,0.0,333.2079735,111027.5536,178.1428571,6.0,1.0,,1.0,,,312.0,,2.0,,935.0,,5.0,0.0,,1143.0,2.0,5.0,,,,,312.0,935.0,0.0,
CICD_DOS.csv,0.0,,0.0,0.0,0.0,0.0,,,,,,,0.0,0.0,20.0,,0.0,0.0,0.0,0.0,0.0,,,,,,,0.0,0.0,0.0,0.0,333333.333333333,0.0,0.0,0.0,0.0,1.0,21.0,0.0,,0.0,,,0.0,3.0,3.0,3.0,3.0,0.0,,666666.0,0.0,,,,0.0,0.0,40.0,,,0.0,0.0,0.0,0.0,0.0,,,,,,,0.0,0.0,0.0,0.0,0.0,333333.333333333,0.0,0.0,40.0,0.0,0.0,0.0,0.0,0.0,,0.0,26883.0,,Bruteforce,,,,,,0.0,0.0,0.0,0.0,0.0,0.0,6.0,1.0,,0.0,,,0.0,,1.0,,0.0,,1.0,0.0,,25072.0,1.0,1.0,,,,,0.0,0.0,0.0,
CICD_DOS.csv,0.0,,0.0,0.0,0.0,0.0,,,,,,,0.0,0.0,16.0,,1385.0,1385.0,1385.0,0.0,1385.0,,,,,,,95.0,95.0,95.0,0.0,49.73392350922564,0.0,95.0,0.0,0.0,1.0,53.0,0.0,,0.0,,,6614.0,40214.0,38829.0,13404.666666666668,401.0,22020.048054746232,,99.0,1.0,,,,0.0,0.0,16.0,,,39230.0,39230.0,39230.0,0.0,39230.0,,,,,,,38.0,38.0,38.0,0.0,0.0,49.73392350922564,0.0,38.0,8.0,0.0,0.0,0.0,0.0,0.0,,-1.0,-1.0,,Benign,,,,,,95.0,60.8,38.0,31.22018577779447,974.7,76.0,17.0,0.0,,0.0,,,190.0,,2.0,,76.0,,2.0,0.0,,13528.0,2.0,2.0,,,,,190.0,76.0,0.0,
CICD_DOS.csv,0.0,,461756.0,461756.0,461756.0,0.0,,,,,,,0.0,0.0,224.0,,1.0000016E7,1030948.0,1.0,3151782.479483034,1.030948E7,,,,,,,1460.0,621.2727272727273,0.0,626.1603773649513,1.06528657177223,0.0,621.2727272727273,0.0,0.0,1.0,443.0,0.0,,0.0,,,941.0,1.032586E7,9864065.0,543466.3157894736,1.0,2257463.6506161327,,1.0,4.0,,,,0.0,0.0,192.0,,,152818.0,57719.5,16417.0,54536.46151494823,461756.0,,,,,,,1321.0,320.66666666666663,0.0,551.5539411517245,0.0,0.8715981041772791,0.0,320.6666666666667,20.0,0.0,9864065.0,9864065.0,9864065.0,0.0,,34346.0,8192.0,,Benign,,,,,,1460.0,462.8571428571428,0.0,592.7357156198947,351335.6285714286,486.0,6.0,1.0,,0.0,,,6834.0,,11.0,,2886.0,,9.0,0.0,,23895.0,11.0,9.0,,,,,6834.0,2886.0,0.0,
CICD_DOS.csv,0.0,,0.0,0.0,0.0,0.0,,,,,,,0.0,0.0,680.0,,174934.0,18797.8,7.0,45198.0932674214,375956.0,,,,,,,976.0,126.9047619048,0.0,263.5746392887,55.856560353,0.0,126.9047619048,0.0,0.0,0.0,22.0,0.0,,0.0,,,12174.0,375963.0,128772.0,8951.5,3.0,24208.9537742023,,114.0,16.0,,,,0.0,0.0,712.0,,,128772.0,17900.9047619048,182.0,32216.8588846038,375919.0,,,,,,,640.0,86.9090909091,0.0,137.6880217811,0.0,58.5163965603,0.0,86.9090909091,32.0,0.0,0.0,0.0,0.0,0.0,,230.0,26883.0,,Bruteforce,,,,,,976.0,104.0227272727,0.0,205.4948071133,42228.1157505285,106.4418604651,6.0,1.0,,0.0,,,2665.0,,21.0,,1912.0,,22.0,0.0,,8736.0,21.0,22.0,,,,,2665.0,1912.0,0.0,
CICD_DOS.csv,1.0,,0.0,0.0,0.0,0.0,,,,,,,0.0,0.0,168.0,,235193.0,117565.5,419.0,126278.2813,470262.0,,,,,,,353.0,211.8,0.0,193.3460628,1.083952794,0.0,211.8,0.0,0.0,1.0,43602.0,0.0,,0.0,,,432.0,4612747.0,4029332.0,512527.4444,5.0,1322273.996,,2.0,1.0,,,,0.0,0.0,168.0,,,4029337.0,1153186.75,70.0,1927877.274,4612747.0,,,,,,,935.0,187.0,0.0,418.1447118,0.0,1.083952794,0.0,187.0,32.0,0.0,0.0,0.0,0.0,0.0,,211.0,219.0,,Benign,,,,,,935.0,181.2727273,0.0,297.7573142,88659.41818,199.4,6.0,0.0,,0.0,,,1059.0,,5.0,,935.0,,5.0,0.0,,165.0,5.0,5.0,,,,,1059.0,935.0,0.0,
CICD_DOS.csv,1.0,,0.0,0.0,0.0,0.0,,,,,,,0.0,0.0,0.0,,0.0,0.0,0.0,0.0,0.0,,,,,,,0.0,0.0,0.0,0.0,0.0,0.0,0.0,0.0,0.0,0.0,80.0,0.0,,0.0,,,0.0,196871.0,196871.0,196871.0,196871.0,0.0,,10.0,0.0,,,,0.0,0.0,40.0,,,196871.0,196871.0,196871.0,0.0,196871.0,,,,,,,0.0,0.0,0.0,0.0,0.0,10.158936562520635,0.0,0.0,20.0,0.0,0.0,0.0,0.0,0.0,,-1.0,2238.0,,Benign,,,,,,0.0,0.0,0.0,0.0,0.0,0.0,6.0,0.0,,0.0,,,0.0,,0.0,,0.0,,2.0,0.0,,12375.0,0.0,2.0,,,,,0.0,0.0,0.0,
CICD_DOS_2019.csv,,0.0,0.0,0.0,0.0,0.0,401.5,0.0,348.0,0.0,0.0,0.0,,,,0.0,0.0,0.0,0.0,0.0,,0.0,0.0,0.0,0.0,0.0,0.0,,,,,,0.0,,0.0,0.0,0.0,,,0.0,,0.0,9725.741541213296,,214688.0,109975.0,42937.6,1.0,58822.376361381386,27.947533164406025,,,0.0,0.0,0.0,,,,84.0,84.0,109975.0,42937.6,1.0,58822.376361381386,,214688.0,393.0,348.0,321.0,35.08845964131227,27.947533164406025,,,,,,,0.0,,,0.0,0.0,0.0,0.0,0.0,1.0,,,-1.0,UDP,393.0,321.0,344.1428571428572,33.61759743263722,1130.1428571428569,,,,,,,17.0,,0.0,,0.0,0.0,,0.0,,2088.0,,6.0,,,0.0,,,,0.0,6.0,0.0,2088.0,,,,0.0
CICD_DOS.csv,0.0,,0.0,0.0,0.0,0.0,,,,,,,0.0,0.0,92.0,,9169.0,3173.0,1.0,5195.602756,9519.0,,,,,,,112.0,32.25,0.0,53.7672453,402.6980771,0.0,32.25,0.0,0.0,1.0,8080.0,1.0,,0.0,,,45806.0,9933.0,9169.0,1655.5,1.0,3684.376786,,704.0,1.0,,,,0.0,0.0,72.0,,,445.0,247.5,50.0,279.3071786,495.0,,,,,,,326.0,108.6666667,0.0,188.2161878,0.0,302.0235578,0.0,108.6666667,20.0,0.0,0.0,0.0,0.0,0.0,,219.0,8192.0,,Bot,,,,,,326.0,56.875,0.0,115.4066568,13318.69643,65.0,6.0,1.0,,1.0,,,129.0,,4.0,,326.0,,3.0,0.0,,5897.0,4.0,3.0,,,,,129.0,326.0,0.0,
CICD_DOS.csv,1.0,,0.0,0.0,0.0,0.0,,,,,,,0.0,0.0,0.0,,0.0,0.0,0.0,0.0,0.0,,,,,,,0.0,0.0,0.0,0.0,0.0,0.0,0.0,0.0,0.0,0.0,80.0,0.0,,0.0,,,0.0,25617.0,25617.0,25617.0,25617.0,0.0,,78.0,0.0,,,,0.0,0.0,64.0,,,25617.0,25617.0,25617.0,0.0,25617.0,,,,,,,0.0,0.0,0.0,0.0,0.0,78.07315455,0.0,0.0,32.0,0.0,0.0,0.0,0.0,0.0,,-1.0,225.0,,DoS,,,,,,0.0,0.0,0.0,0.0,0.0,0.0,6.0,0.0,,0.0,,,0.0,,0.0,,0.0,,2.0,0.0,,126.0,0.0,2.0,,,,,0.0,0.0,0.0,
CICD_DOS_2019.csv,,0.0,0.0,0.0,0.0,0.0,442.0,0.0,359.5,0.0,0.0,0.0,,,,0.0,0.0,0.0,0.0,0.0,,0.0,0.0,0.0,0.0,0.0,0.0,,,,,,0.0,,0.0,0.0,0.0,,,0.0,,0.0,13491.19975982287,,106588.0,106586.0,35529.33333333333,1.0,61536.87844157626,37.52767666153788,,,0.0,0.0,0.0,,,,56.0,56.0,106586.0,35529.33333333333,1.0,61536.87844157626,,106588.0,389.0,359.5,330.0,34.06366588218791,37.52767666153788,,,,,,,0.0,,,0.0,0.0,0.0,0.0,0.0,1.0,,,-1.0,UDP,389.0,330.0,353.6,32.3156308928048,1044.3,,,,,,,17.0,,0.0,,0.0,0.0,,0.0,,1438.0,,4.0,,,0.0,,,,0.0,4.0,0.0,1438.0,,,,0.0
CICD_DOS_2019.csv,,0.0,0.0,0.0,0.0,0.0,528.75,0.0,423.0,0.0,0.0,0.0,,,,0.0,0.0,0.0,0.0,0.0,,0.0,0.0,0.0,0.0,0.0,0.0,,,,,,0.0,,0.0,0.0,0.0,,,0.0,,0.0,17090909.090909094,,99.0,53.0,33.0,1.0,28.0,40404.04040404041,,,0.0,0.0,0.0,,,,80.0,80.0,53.0,33.0,1.0,28.0,,99.0,423.0,423.0,423.0,0.0,40404.04040404041,,,,,,,0.0,,,0.0,0.0,0.0,0.0,0.0,1.0,,,-1.0,MSSQL,423.0,423.0,423.0,0.0,0.0,,,,,,,17.0,,0.0,,0.0,0.0,,0.0,,1692.0,,4.0,,,0.0,,,,0.0,4.0,0.0,1692.0,,,,0.0
CICD_DOS.csv,0.0,,0.0,0.0,0.0,0.0,,,,,,,0.0,0.0,8.0,,0.0,0.0,0.0,0.0,0.0,,,,,,,172.0,172.0,172.0,0.0,3095.9752321981423,0.0,172.0,0.0,0.0,1.0,53.0,0.0,,0.0,,,668730.0,323.0,323.0,323.0,323.0,0.0,,6191.0,0.0,,,,0.0,0.0,8.0,,,0.0,0.0,0.0,0.0,0.0,,,,,,,44.0,44.0,44.0,0.0,0.0,3095.9752321981423,0.0,44.0,8.0,0.0,0.0,0.0,0.0,0.0,,-1.0,-1.0,,Benign,,,,,,172.0,86.66666666666666,44.0,73.9008344562721,5461.333333333333,130.0,17.0,0.0,,0.0,,,172.0,,1.0,,44.0,,1.0,0.0,,34080.0,1.0,1.0,,,,,172.0,44.0,0.0,
CICD_DOS.csv,0.0,,0.0,0.0,0.0,0.0,,,,,,,0.0,0.0,192.0,,951610.0,181294.375,4084.0,327150.4039690689,1450355.0,,,,,,,1175.0,322.44444444444446,0.0,495.0798196026352,6.204923813877105,0.0,322.44444444444446,0.0,0.0,0.0,3389.0,1.0,,0.0,,,3023.0,1450461.0,951610.0,80581.16666666666,1.0,229105.2945495098,,13.0,7.0,,,,0.0,0.0,212.0,,,1031443.0,161162.33333333334,1.0,341546.8452225844,1450461.0,,,,,,,773.0,148.40000000000003,0.0,229.2132437515579,0.0,6.894359793196784,0.0,148.4,20.0,0.0,0.0,0.0,0.0,0.0,,64000.0,8192.0,,Benign,,,,,,1175.0,219.3,0.0,371.8934623899983,138304.7473684211,230.8421052631579,6.0,1.0,,1.0,,,2902.0,,9.0,,1484.0,,10.0,0.0,,1108.0,9.0,10.0,,,,,2902.0,1484.0,0.0,
CICD_DOS.csv,0.0,,0.0,0.0,0.0,0.0,,,,,,,0.0,0.0,92.0,,1596663.0,532698.0,57.0,921420.954,1598094.0,,,,,,,964.0,241.0,0.0,482.0,2.50297228,0.0,241.0,0.0,0.0,1.0,80.0,1.0,,0.0,,,615.0,1598100.0,1596663.0,266350.0,4.0,651717.737,,4.0,1.0,,,,0.0,0.0,72.0,,,1073.0,688.0,303.0,544.4722215,1376.0,,,,,,,20.0,6.666666667,0.0,11.54700538,0.0,1.87722921,0.0,6.666666667,20.0,0.0,0.0,0.0,0.0,0.0,,211.0,8192.0,,DDoS,,,,,,964.0,123.0,0.0,339.8873763,115523.4286,140.5714286,6.0,1.0,,1.0,,,964.0,,4.0,,20.0,,3.0,0.0,,30946.0,4.0,3.0,,,,,964.0,20.0,0.0,
CICD_DOS.csv,1.0,,0.0,0.0,0.0,0.0,,,,,,,0.0,0.0,32.0,,0.0,0.0,0.0,0.0,0.0,,,,,,,0.0,0.0,0.0,0.0,166666.666666667,0.0,0.0,0.0,0.0,1.0,22.0,0.0,,0.0,,,0.0,6.0,6.0,6.0,6.0,0.0,,333333.0,0.0,,,,0.0,0.0,32.0,,,0.0,0.0,0.0,0.0,0.0,,,,,,,0.0,0.0,0.0,0.0,0.0,166666.666666667,0.0,0.0,32.0,0.0,0.0,0.0,0.0,0.0,,230.0,241.0,,Bruteforce,,,,,,0.0,0.0,0.0,0.0,0.0,0.0,6.0,0.0,,0.0,,,0.0,,1.0,,0.0,,1.0,0.0,,6340.0,1.0,1.0,,,,,0.0,0.0,1.0,
CICD_DOS.csv,1.0,,0.0,0.0,0.0,0.0,,,,,,,0.0,0.0,0.0,,0.0,0.0,0.0,0.0,0.0,,,,,,,0.0,0.0,0.0,0.0,0.0,0.0,0.0,0.0,0.0,0.0,62172.0,0.0,,0.0,,,0.0,195.0,195.0,195.0,195.0,0.0,,10256.0,0.0,,,,0.0,0.0,40.0,,,195.0,195.0,195.0,0.0,195.0,,,,,,,0.0,0.0,0.0,0.0,0.0,10256.410256410256,0.0,0.0,20.0,0.0,0.0,0.0,0.0,0.0,,-1.0,255.0,,Benign,,,,,,0.0,0.0,0.0,0.0,0.0,0.0,6.0,0.0,,0.0,,,0.0,,0.0,,0.0,,2.0,0.0,,8972.0,0.0,2.0,,,,,0.0,0.0,0.0,
CICD_DOS_2019.csv,,0.0,0.0,0.0,0.0,0.0,4.8,6.0,0.0,0.0,0.0,0.0,,,,80.0,2.0,1.3333333333333333,1.0,0.5773502691896257,,4.0,6.0,6.0,6.0,0.0,35398.230088495584,,,,,,0.0,,0.0,1.0,4.0,,,0.0,,0.0,212389.38053097343,,113.0,109.0,28.25,1.0,53.83539727725616,44247.78761061947,,,0.0,0.0,0.0,,,,32.0,32.0,0.0,0.0,0.0,0.0,,0.0,0.0,0.0,0.0,0.0,8849.557522123894,,,,,,,0.0,,,0.0,0.0,0.0,0.0,0.0,1.0,,,119.0,BENIGN,6.0,0.0,4.0,3.0983866769659336,9.6,,,,,,,6.0,,0.0,,0.0,24.0,,4.0,,0.0,,1.0,,,0.0,,,,4.0,1.0,24.0,0.0,,,,1.0
CICD_DOS.csv,1.0,,0.0,0.0,0.0,0.0,,,,,,,0.0,0.0,0.0,,0.0,0.0,0.0,0.0,0.0,,,,,,,0.0,0.0,0.0,0.0,0.0,0.0,0.0,0.0,0.0,0.0,80.0,0.0,,0.0,,,0.0,174.0,174.0,174.0,174.0,0.0,,11494.0,0.0,,,,0.0,0.0,64.0,,,174.0,174.0,174.0,0.0,174.0,,,,,,,0.0,0.0,0.0,0.0,0.0,11494.25287,0.0,0.0,32.0,0.0,0.0,0.0,0.0,0.0,,-1.0,225.0,,DoS,,,,,,0.0,0.0,0.0,0.0,0.0,0.0,6.0,0.0,,0.0,,,0.0,,0.0,,0.0,,2.0,0.0,,52.0,0.0,2.0,,,,,0.0,0.0,0.0,
CICD_DOS.csv,1.0,,0.0,0.0,0.0,0.0,,,,,,,0.0,0.0,0.0,,0.0,0.0,0.0,0.0,0.0,,,,,,,0.0,0.0,0.0,0.0,0.0,0.0,0.0,0.0,0.0,0.0,443.0,0.0,,0.0,,,190594.0,404.0,389.0,202.0,15.0,264.45793616376875,,7425.0,1.0,,,,0.0,0.0,60.0,,,389.0,202.0,15.0,264.45793616376875,404.0,,,,,,,46.0,25.666666666666664,0.0,23.45918441321721,0.0,7425.742574257426,1.0,25.666666666666668,20.0,0.0,0.0,0.0,0.0,0.0,,-1.0,256.0,,Benign,,,,,,46.0,30.75,0.0,21.68524844220144,470.25,41.0,6.0,0.0,,0.0,,,0.0,,0.0,,77.0,,3.0,1.0,,29752.0,0.0,3.0,,,,,0.0,77.0,0.0,
CICD_DOS.csv,1.0,,0.0,0.0,0.0,0.0,,,,,,,0.0,0.0,32.0,,0.0,0.0,0.0,0.0,0.0,,,,,,,0.0,0.0,0.0,0.0,166666.666666667,0.0,0.0,0.0,0.0,1.0,22.0,0.0,,0.0,,,0.0,6.0,6.0,6.0,6.0,0.0,,333333.0,0.0,,,,0.0,0.0,32.0,,,0.0,0.0,0.0,0.0,0.0,,,,,,,0.0,0.0,0.0,0.0,0.0,166666.666666667,0.0,0.0,32.0,0.0,0.0,0.0,0.0,0.0,,230.0,241.0,,Bruteforce,,,,,,0.0,0.0,0.0,0.0,0.0,0.0,6.0,0.0,,0.0,,,0.0,,1.0,,0.0,,1.0,0.0,,5119.0,1.0,1.0,,,,,0.0,0.0,1.0,
CICD_DOS.csv,0.0,,341494.0,209659.0,77824.0,186442.8449954569,,,,,,,0.0,0.0,292.0,,5.8271305E7,8976820.538461538,1.0,2.185507338587602E7,1.16698667E8,,,,,,,1460.0,443.5714285714285,0.0,623.6798629333574,0.1198871871844638,0.0,443.57142857142856,0.0,0.0,0.0,443.0,1.0,,0.0,,,60.0,1.16776449E8,5.8186525E7,4170587.4642857146,1.0,1.5243002662527472E7,,0.0,7.0,,,,0.0,0.0,312.0,,,5.8186525E7,8341174.92857143,172.0,2.1097597786424182E7,1.16776449E8,,,,,,,279.0,60.53333333333334,0.0,90.30651508427654,0.0,0.1284505576976398,0.0,60.53333333333333,20.0,0.0,5.8186525E7,5.81396105E7,5.8092696E7,66347.12217195256,,127.0,8192.0,,Benign,,,,,,1460.0,237.26666666666668,0.0,465.7788385454856,216949.9264367816,245.44827586206893,6.0,1.0,,1.0,,,6210.0,,14.0,,908.0,,15.0,0.0,,6335.0,14.0,15.0,,,,,6210.0,908.0,0.0,
CICD_DOS.csv,0.0,,0.0,0.0,0.0,0.0,,,,,,,0.0,0.0,8.0,,0.0,0.0,0.0,0.0,0.0,,,,,,,60.0,60.0,60.0,0.0,1562.5,0.0,60.0,0.0,0.0,1.0,53.0,0.0,,0.0,,,143750.0,640.0,640.0,640.0,640.0,0.0,,3125.0,0.0,,,,0.0,0.0,8.0,,,0.0,0.0,0.0,0.0,0.0,,,,,,,32.0,32.0,32.0,0.0,0.0,1562.5,0.0,32.0,8.0,0.0,0.0,0.0,0.0,0.0,,-1.0,-1.0,,Infilteration,,,,,,60.0,41.33333333,32.0,16.16580754,261.3333333,62.0,17.0,0.0,,0.0,,,60.0,,1.0,,32.0,,1.0,0.0,,28039.0,1.0,1.0,,,,,60.0,32.0,0.0,
CICD_DOS.csv,0.0,,0.0,0.0,0.0,0.0,,,,,,,0.0,0.0,20.0,,0.0,0.0,0.0,0.0,0.0,,,,,,,0.0,0.0,0.0,0.0,250000.0,0.0,0.0,0.0,0.0,1.0,21.0,0.0,,0.0,,,0.0,4.0,4.0,4.0,4.0,0.0,,500000.0,0.0,,,,0.0,0.0,40.0,,,0.0,0.0,0.0,0.0,0.0,,,,,,,0.0,0.0,0.0,0.0,0.0,250000.0,0.0,0.0,40.0,0.0,0.0,0.0,0.0,0.0,,0.0,26883.0,,DoS,,,,,,0.0,0.0,0.0,0.0,0.0,0.0,6.0,1.0,,0.0,,,0.0,,1.0,,0.0,,1.0,0.0,,1625.0,1.0,1.0,,,,,0.0,0.0,0.0,
CICD_DOS.csv,1.0,,0.0,0.0,0.0,0.0,,,,,,,0.0,0.0,20.0,,0.0,0.0,0.0,0.0,0.0,,,,,,,0.0,0.0,0.0,0.0,49999.99999999999,0.0,0.0,0.0,0.0,1.0,51905.0,0.0,,0.0,,,0.0,20.0,20.0,20.0,20.0,0.0,,100000.0,0.0,,,,0.0,0.0,20.0,,,0.0,0.0,0.0,0.0,0.0,,,,,,,0.0,0.0,0.0,0.0,0.0,49999.99999999999,0.0,0.0,20.0,0.0,0.0,0.0,0.0,0.0,,256.0,913.0,,Benign,,,,,,0.0,0.0,0.0,0.0,0.0,0.0,6.0,0.0,,0.0,,,0.0,,1.0,,0.0,,1.0,0.0,,35037.0,1.0,1.0,,,,,0.0,0.0,1.0,
CICD_DOS.csv,1.0,,0.0,0.0,0.0,0.0,,,,,,,0.0,0.0,0.0,,0.0,0.0,0.0,0.0,0.0,,,,,,,0.0,0.0,0.0,0.0,0.0,0.0,0.0,0.0,0.0,0.0,80.0,0.0,,0.0,,,0.0,3425629.0,3425629.0,3425629.0,3425629.0,0.0,,0.0,0.0,,,,0.0,0.0,40.0,,,3425629.0,3425629.0,3425629.0,0.0,3425629.0,,,,,,,0.0,0.0,0.0,0.0,0.0,0.583834385,0.0,0.0,20.0,0.0,0.0,0.0,0.0,0.0,,-1.0,2049.0,,DDoS,,,,,,0.0,0.0,0.0,0.0,0.0,0.0,6.0,0.0,,0.0,,,0.0,,0.0,,0.0,,2.0,0.0,,32155.0,0.0,2.0,,,,,0.0,0.0,0.0,
CICD_DOS.csv,0.0,,0.0,0.0,0.0,0.0,,,,,,,0.0,0.0,712.0,,147379.0,17996.5714285714,11.0,33246.0081055928,377928.0,,,,,,,976.0,121.1363636364,0.0,258.6415602914,58.2110680408,0.0,121.1363636364,0.0,0.0,1.0,22.0,0.0,,0.0,,,12195.0,377935.0,65640.0,8789.1860465116,3.0,15434.0383711054,,116.0,16.0,,,,0.0,0.0,712.0,,,78051.0,17964.7619047619,230.0,24212.8387098761,377260.0,,,,,,,640.0,88.3636363636,0.0,137.8690011274,0.0,58.2110680408,0.0,88.3636363636,32.0,0.0,0.0,0.0,0.0,0.0,,230.0,26883.0,,Bruteforce,,,,,,976.0,102.4222222222,0.0,203.7441007388,41511.6585858586,104.75,6.0,1.0,,0.0,,,2665.0,,22.0,,1944.0,,22.0,0.0,,5786.0,22.0,22.0,,,,,2665.0,1944.0,0.0,
CICD_DOS.csv,1.0,,0.0,0.0,0.0,0.0,,,,,,,0.0,0.0,0.0,,0.0,0.0,0.0,0.0,0.0,,,,,,,0.0,0.0,0.0,0.0,0.0,0.0,0.0,0.0,0.0,0.0,8080.0,0.0,,0.0,,,0.0,470.0,470.0,470.0,470.0,0.0,,4255.0,0.0,,,,0.0,0.0,40.0,,,470.0,470.0,470.0,0.0,470.0,,,,,,,0.0,0.0,0.0,0.0,0.0,4255.319149,0.0,0.0,20.0,0.0,0.0,0.0,0.0,0.0,,-1.0,2052.0,,Bot,,,,,,0.0,0.0,0.0,0.0,0.0,0.0,6.0,0.0,,0.0,,,0.0,,0.0,,0.0,,2.0,0.0,,25906.0,0.0,2.0,,,,,0.0,0.0,0.0,
CICD_DOS.csv,0.0,,0.0,0.0,0.0,0.0,,,,,,,0.0,0.0,92.0,,14040.0,9127.0,19.0,7895.924835,27381.0,,,,,,,935.0,233.75,0.0,467.5,146.0706982,0.0,233.75,0.0,0.0,1.0,80.0,1.0,,0.0,,,43273.0,27384.0,14040.0,4564.0,3.0,6962.592965,,255.0,1.0,,,,0.0,0.0,72.0,,,13045.0,6661.0,277.0,9028.339382,13322.0,,,,,,,250.0,83.33333333,0.0,144.3375673,0.0,109.5530237,0.0,83.33333333,20.0,0.0,0.0,0.0,0.0,0.0,,219.0,65535.0,,DDoS,,,,,,935.0,148.125,0.0,329.7611419,108742.4107,169.2857143,6.0,1.0,,1.0,,,935.0,,4.0,,250.0,,3.0,0.0,,111.0,4.0,3.0,,,,,935.0,250.0,0.0,
CICD_DOS.csv,1.0,,0.0,0.0,0.0,0.0,,,,,,,0.0,0.0,0.0,,0.0,0.0,0.0,0.0,0.0,,,,,,,0.0,0.0,0.0,0.0,0.0,0.0,0.0,0.0,0.0,0.0,80.0,0.0,,0.0,,,0.0,414.0,414.0,414.0,414.0,0.0,,4830.0,0.0,,,,0.0,0.0,64.0,,,414.0,414.0,414.0,0.0,414.0,,,,,,,0.0,0.0,0.0,0.0,0.0,4830.917874,0.0,0.0,32.0,0.0,0.0,0.0,0.0,0.0,,-1.0,225.0,,DoS,,,,,,0.0,0.0,0.0,0.0,0.0,0.0,6.0,0.0,,0.0,,,0.0,,0.0,,0.0,,2.0,0.0,,226.0,0.0,2.0,,,,,0.0,0.0,0.0,
CICD_DOS.csv,1.0,,0.0,0.0,0.0,0.0,,,,,,,0.0,0.0,0.0,,0.0,0.0,0.0,0.0,0.0,,,,,,,0.0,0.0,0.0,0.0,0.0,0.0,0.0,0.0,0.0,0.0,80.0,0.0,,0.0,,,0.0,6177.0,6177.0,6177.0,6177.0,0.0,,323.0,0.0,,,,0.0,0.0,40.0,,,6177.0,6177.0,6177.0,0.0,6177.0,,,,,,,0.0,0.0,0.0,0.0,0.0,323.7817711,0.0,0.0,20.0,0.0,0.0,0.0,0.0,0.0,,-1.0,32738.0,,DDoS,,,,,,0.0,0.0,0.0,0.0,0.0,0.0,6.0,0.0,,0.0,,,0.0,,0.0,,0.0,,2.0,0.0,,641.0,0.0,2.0,,,,,0.0,0.0,0.0,
CICD_DOS.csv,0.0,,0.0,0.0,0.0,0.0,,,,,,,0.0,0.0,40.0,,706.0,706.0,706.0,0.0,706.0,,,,,,,314.0,157.0,0.0,222.0315293,1610.305958,0.0,157.0,0.0,0.0,0.0,58488.0,1.0,,0.0,,,1005636.0,1242.0,706.0,207.0,7.0,275.0105453,,5636.0,1.0,,,,0.0,0.0,124.0,,,1041.0,310.5,7.0,492.5643782,1242.0,,,,,,,935.0,187.0,0.0,418.1447118,0.0,4025.764895,0.0,187.0,20.0,0.0,0.0,0.0,0.0,0.0,,32768.0,65535.0,,Benign,,,,,,935.0,156.125,0.0,333.3425683,111117.2679,178.4285714,6.0,1.0,,1.0,,,314.0,,2.0,,935.0,,5.0,0.0,,971.0,2.0,5.0,,,,,314.0,935.0,0.0,
CICD_DOS.csv,1.0,,0.0,0.0,0.0,0.0,,,,,,,0.0,0.0,0.0,,0.0,0.0,0.0,0.0,0.0,,,,,,,0.0,0.0,0.0,0.0,0.0,0.0,0.0,0.0,0.0,0.0,80.0,0.0,,0.0,,,0.0,1.8145699E7,1.81E7,1.81E7,1.81E7,0.0,,0.0,0.0,,,,0.0,0.0,40.0,,,1.81E7,1.81E7,1.81E7,0.0,1.81E7,,,,,,,0.0,0.0,0.0,0.0,0.0,0.110218956,0.0,0.0,20.0,0.0,1.81E7,1.81E7,1.81E7,0.0,,-1.0,2049.0,,DDoS,,,,,,0.0,0.0,0.0,0.0,0.0,0.0,6.0,0.0,,0.0,,,0.0,,0.0,,0.0,,2.0,0.0,,32245.0,0.0,2.0,,,,,0.0,0.0,0.0,
CICD_DOS.csv,1.0,,0.0,0.0,0.0,0.0,,,,,,,0.0,0.0,0.0,,0.0,0.0,0.0,0.0,0.0,,,,,,,0.0,0.0,0.0,0.0,0.0,0.0,0.0,0.0,0.0,0.0,61072.0,0.0,,0.0,,,0.0,27.0,27.0,27.0,27.0,0.0,,74074.0,0.0,,,,0.0,0.0,40.0,,,27.0,27.0,27.0,0.0,27.0,,,,,,,0.0,0.0,0.0,0.0,0.0,74074.0740740741,0.0,0.0,20.0,0.0,0.0,0.0,0.0,0.0,,-1.0,65340.0,,Benign,,,,,,0.0,0.0,0.0,0.0,0.0,0.0,6.0,0.0,,0.0,,,0.0,,0.0,,0.0,,2.0,0.0,,12035.0,0.0,2.0,,,,,0.0,0.0,0.0,
CICD_DOS.csv,0.0,,0.0,0.0,0.0,0.0,,,,,,,0.0,0.0,8.0,,0.0,0.0,0.0,0.0,0.0,,,,,,,67.0,67.0,67.0,0.0,3496.5034965034965,0.0,67.0,0.0,0.0,1.0,53.0,0.0,,0.0,,,356643.0,286.0,286.0,286.0,286.0,0.0,,6993.0,0.0,,,,0.0,0.0,8.0,,,0.0,0.0,0.0,0.0,0.0,,,,,,,35.0,35.0,35.0,0.0,0.0,3496.5034965034965,0.0,35.0,8.0,0.0,0.0,0.0,0.0,0.0,,-1.0,-1.0,,Benign,,,,,,67.0,45.66666666666666,35.0,18.475208614068023,341.3333333333333,68.5,17.0,0.0,,0.0,,,67.0,,1.0,,35.0,,1.0,0.0,,34577.0,1.0,1.0,,,,,67.0,35.0,0.0,
CICD_DOS.csv,0.0,,0.0,0.0,0.0,0.0,,,,,,,0.0,0.0,172.0,,951608.0,242991.14285714287,105021.0,313515.9583728972,1700938.0,,,,,,,1175.0,215.875,0.0,404.10834385277,4.70291674896771,0.0,215.875,0.0,0.0,0.0,3389.0,1.0,,0.0,,,1868.0,1701072.0,951608.0,100063.0588235294,2.0,226185.80517698007,,10.0,7.0,,,,0.0,0.0,212.0,,,1118373.0,189008.00000000003,2.0,353353.9010040076,1701072.0,,,,,,,741.0,145.20000000000002,0.0,219.5438705842436,0.0,5.8786459362096375,0.0,145.2,20.0,0.0,0.0,0.0,0.0,0.0,,62548.0,8192.0,,Benign,,,,,,1175.0,167.3157894736842,0.0,300.8017162760544,90481.6725146199,176.61111111111111,6.0,1.0,,1.0,,,1727.0,,8.0,,1452.0,,10.0,0.0,,9784.0,8.0,10.0,,,,,1727.0,1452.0,0.0,
CICD_DOS.csv,0.0,,0.0,0.0,0.0,0.0,,,,,,,0.0,0.0,92.0,,9904.0,3565.666667,38.0,5500.852146,10697.0,,,,,,,112.0,32.25,0.0,53.7672453,359.8740441,0.0,32.25,0.0,0.0,1.0,8080.0,1.0,,0.0,,,40935.0,11115.0,9904.0,1852.5,21.0,3953.563544,,629.0,1.0,,,,0.0,0.0,72.0,,,439.0,241.5,44.0,279.3071786,483.0,,,,,,,326.0,108.6666667,0.0,188.2161878,0.0,269.9055331,0.0,108.6666667,20.0,0.0,0.0,0.0,0.0,0.0,,219.0,8192.0,,Bot,,,,,,326.0,56.875,0.0,115.4066568,13318.69643,65.0,6.0,1.0,,1.0,,,129.0,,4.0,,326.0,,3.0,0.0,,30824.0,4.0,3.0,,,,,129.0,326.0,0.0,
CICD_DOS.csv,1.0,,0.0,0.0,0.0,0.0,,,,,,,0.0,0.0,1660.0,,5027767.0,1417757.804878048,0.0,2096896.36998926,1.1625614E8,,,,,,,1126.0,190.1084337349397,0.0,312.31449175033964,0.7135936451304821,0.0,190.10843373493967,0.0,0.0,2.0,443.0,0.0,,0.0,,,206.0,1.16312695E8,4963516.0,977417.6050420172,0.0,1826983.369577642,,1.0,6.0,,,,0.0,0.0,740.0,,,5109193.0,3230908.194444444,120208.0,2111019.8780453936,1.16312695E8,,,,,,,1371.0,222.2972972972973,0.0,512.2583367829201,0.0,0.3181080104798534,0.0,222.2972972972973,20.0,0.0,0.0,0.0,0.0,0.0,,5565.0,5564.0,,Benign,,,,,,1371.0,198.38016528925613,0.0,382.00367049280095,145926.80426997243,200.03333333333333,6.0,0.0,,0.0,,,15779.0,,83.0,,8225.0,,37.0,0.0,,8870.0,83.0,37.0,,,,,15779.0,8225.0,0.0,
CICD_DOS.csv,1.0,,0.0,0.0,0.0,0.0,,,,,,,0.0,0.0,0.0,,0.0,0.0,0.0,0.0,0.0,,,,,,,0.0,0.0,0.0,0.0,0.0,0.0,0.0,0.0,0.0,0.0,80.0,0.0,,0.0,,,0.0,719.0,719.0,719.0,719.0,0.0,,2781.0,0.0,,,,0.0,0.0,64.0,,,719.0,719.0,719.0,0.0,719.0,,,,,,,0.0,0.0,0.0,0.0,0.0,2781.641168,0.0,0.0,32.0,0.0,0.0,0.0,0.0,0.0,,-1.0,225.0,,DoS,,,,,,0.0,0.0,0.0,0.0,0.0,0.0,6.0,0.0,,0.0,,,0.0,,0.0,,0.0,,2.0,0.0,,43.0,0.0,2.0,,,,,0.0,0.0,0.0,
CICD_DOS.csv,1.0,,0.0,0.0,0.0,0.0,,,,,,,0.0,0.0,0.0,,0.0,0.0,0.0,0.0,0.0,,,,,,,0.0,0.0,0.0,0.0,0.0,0.0,0.0,0.0,0.0,0.0,80.0,0.0,,0.0,,,0.0,577.0,577.0,577.0,577.0,0.0,,3466.0,0.0,,,,0.0,0.0,64.0,,,577.0,577.0,577.0,0.0,577.0,,,,,,,0.0,0.0,0.0,0.0,0.0,3466.204506,0.0,0.0,32.0,0.0,0.0,0.0,0.0,0.0,,-1.0,225.0,,DoS,,,,,,0.0,0.0,0.0,0.0,0.0,0.0,6.0,0.0,,0.0,,,0.0,,0.0,,0.0,,2.0,0.0,,100.0,0.0,2.0,,,,,0.0,0.0,0.0,
