run_id,model,feature_index,importance
20260226_094437,RandomForest,0,0.005241453163079286
20260226_094437,RandomForest,1,0.004091916079173182
20260226_094437,RandomForest,2,0.001744564473681718
20260226_094437,RandomForest,3,0.0020464452307293922
20260226_094437,RandomForest,4,0.0027623552926123343
20260226_094437,RandomForest,5,0.0016082886642476515
20260226_094437,RandomForest,6,0.009833507944765554
20260226_094437,RandomForest,7,0.0013214142720059253
20260226_094437,RandomForest,8,0.009228401717221389
20260226_094437,RandomForest,14,0.012620122265130977
20260226_094437,RandomForest,15,0.0019851764808210383
20260226_094437,RandomForest,16,0.002813694645755454
20260226_094437,RandomForest,17,0.0032053571701868904
20260226_094437,RandomForest,18,0.004082548701547479
20260226_094437,RandomForest,19,0.004054736443236789
20260226_094437,RandomForest,20,0.003576484686077749
20260226_094437,RandomForest,21,0.0017117833601308315
20260226_094437,RandomForest,22,0.00150040185413648
20260226_094437,RandomForest,23,0.0023574137425147836
20260226_094437,RandomForest,24,0.0031518638880762987
20260226_094437,RandomForest,25,9.674502367166269e-05
20260226_094437,RandomForest,26,0.0020942422771496887
20260226_094437,RandomForest,27,0.007610205491703084
20260226_094437,RandomForest,28,0.009531705756470958
20260226_094437,RandomForest,29,0.005239113988900153
20260226_094437,RandomForest,30,0.006048036392765197
20260226_094437,RandomForest,31,0.017998522132054034
20260226_094437,RandomForest,33,0.010861988367004293
20260226_094437,RandomForest,35,0.00034582172412385664
20260226_094437,RandomForest,36,0.006790231442347718
20260226_094437,RandomForest,37,0.028460213265353196
20260226_094437,RandomForest,38,0.00463298964139861
20260226_094437,RandomForest,40,5.862492840618313e-05
20260226_094437,RandomForest,42,0.007394695625409399
20260226_094437,RandomForest,43,0.02164171927017678
20260226_094437,RandomForest,44,0.018342954597778842
20260226_094437,RandomForest,45,0.018671334697254995
20260226_094437,RandomForest,46,0.01983433497394071
20260226_094437,RandomForest,47,0.009171879775493786
20260226_094437,RandomForest,48,0.017091993174803314
20260226_094437,RandomForest,49,0.008630589663604702
20260226_094437,RandomForest,55,0.02121028933646123
20260226_094437,RandomForest,56,0.005138098349278439
20260226_094437,RandomForest,57,0.005002713183150891
20260226_094437,RandomForest,58,0.016919103411736292
20260226_094437,RandomForest,59,0.021092965019247494
20260226_094437,RandomForest,60,0.0205282466190705
20260226_094437,RandomForest,61,0.011397096748693969
20260226_094437,RandomForest,62,0.016191458356466917
20260226_094437,RandomForest,63,0.007983992081524572
20260226_094437,RandomForest,64,0.008883836471563659
20260226_094437,RandomForest,65,0.012078271781037151
20260226_094437,RandomForest,66,0.008964328592728497
20260226_094437,RandomForest,67,0.011776272506219394
20260226_094437,RandomForest,68,0.009447817215962627
20260226_094437,RandomForest,69,0.004950058275128066
20260226_094437,RandomForest,70,0.012395786272970192
20260226_094437,RandomForest,71,0.004523308678416686
20260226_094437,RandomForest,72,0.0066646151883179554
20260226_094437,RandomForest,74,0.018686993418529238
20260226_094437,RandomForest,75,0.0002651650894208772
20260226_094437,RandomForest,76,0.011286433087043853
20260226_094437,RandomForest,77,0.039874809827689754
20260226_094437,RandomForest,78,3.8452450509494216e-05
20260226_094437,RandomForest,79,0.0039365005177488
20260226_094437,RandomForest,80,0.003301255203421632
20260226_094437,RandomForest,81,0.0035458144556494114
20260226_094437,RandomForest,82,0.003027555849817779
20260226_094437,RandomForest,83,0.0006547808385874697
20260226_094437,RandomForest,84,0.013151461695272372
20260226_094437,RandomForest,85,0.02616395193235372
20260226_094437,RandomForest,86,0.0044535898180067994
20260226_094437,RandomForest,87,0.00845490711272596
20260226_094437,RandomForest,88,0.008813650194844282
20260226_094437,RandomForest,89,0.009716835086464858
20260226_094437,RandomForest,90,0.016216866329670617
20260226_094437,RandomForest,91,0.010799092332944803
20260226_094437,RandomForest,92,0.01035474881027284
20260226_094437,RandomForest,93,0.007343372833508588
20260226_094437,RandomForest,94,0.003093538162343148
20260226_094437,RandomForest,95,0.010196505553756088
20260226_094437,RandomForest,96,0.0067592439339198744
20260226_094437,RandomForest,97,0.013923366003406953
20260226_094437,RandomForest,98,0.02153527217467828
20260226_094437,RandomForest,99,0.003983199739426238
20260226_094437,RandomForest,101,0.004461584426161001
20260226_094437,RandomForest,102,7.424502163856329e-05
20260226_094437,RandomForest,103,0.0041206639084251755
20260226_094437,RandomForest,104,0.0069689101958976575
20260226_094437,RandomForest,105,0.0015639164317601607
20260226_094437,RandomForest,106,0.010905931537809931
20260226_094437,RandomForest,107,0.017790419451640522
20260226_094437,RandomForest,108,0.013022970615144508
20260226_094437,RandomForest,109,0.0061343896201322004
20260226_094437,RandomForest,110,0.011241349957997752
20260226_094437,RandomForest,111,0.0005881518734889706
20260226_094437,RandomForest,113,0.03391055934178166
20260226_094437,RandomForest,114,0.014954194309068277
20260226_094437,RandomForest,115,0.013987953983239062
20260226_094437,RandomForest,116,0.002946248334888043
20260226_094437,RandomForest,117,0.009379268778617266
20260226_094437,RandomForest,118,0.000922437475817599
20260226_094437,RandomForest,119,0.008418777276591075
20260226_094437,RandomForest,120,0.005629488403123522
20260226_094437,RandomForest,121,0.01515922327262307
20260226_094437,RandomForest,122,0.0028067038390056135
20260226_094437,RandomForest,123,0.0004608028259762141
20260226_094437,RandomForest,124,8.728257853769098e-05
20260226_094437,RandomForest,125,0.00014536298627171603
20260226_094437,RandomForest,126,1.3972354966061869e-05
20260226_094437,RandomForest,127,0.00013917404744412582
20260226_094437,RandomForest,128,5.7357553734398784e-08
20260226_094437,RandomForest,130,6.20681919136372e-06
20260226_094437,RandomForest,132,3.4578691789155433e-05
20260226_094437,RandomForest,133,2.6744543075588626e-05
20260226_094437,RandomForest,134,2.0563650331384582e-05
20260226_094437,RandomForest,135,6.708744376569828e-06
20260226_094437,RandomForest,136,7.565989724566171e-06
20260226_094437,RandomForest,137,4.2054548571299376e-05
20260226_094437,RandomForest,138,6.2503306664350134e-06
20260226_094437,RandomForest,139,2.2945833840501363e-09
20260226_094437,RandomForest,141,2.2748500166512414e-08
20260226_094437,RandomForest,142,4.794328705421241e-06
20260226_094437,RandomForest,144,4.2566258968235646e-10
20260226_094437,RandomForest,148,4.304807208530534e-09
20260226_094437,RandomForest,149,1.9036499818641712e-06
20260226_094437,RandomForest,150,1.1175734884981816e-05
20260226_094437,RandomForest,151,6.260101240712241e-09
20260226_094437,RandomForest,152,6.842000873490616e-06
20260226_094437,RandomForest,153,7.65194000100788e-08
20260226_094437,RandomForest,158,4.437699001527664e-06
20260226_094437,RandomForest,160,7.126874612040293e-08
20260226_094437,RandomForest,162,1.1150501593200443e-08
20260226_094437,RandomForest,163,1.1532641556106785e-08
20260226_094437,RandomForest,169,9.421407211694533e-06
20260226_094437,RandomForest,170,1.1556583300265589e-07
20260226_094437,RandomForest,171,2.013239625599499e-09
20260226_094437,RandomForest,173,4.595811685192753e-09
20260226_094437,RandomForest,176,2.8414587823368174e-08
20260226_094437,RandomForest,180,1.468003311843595e-07
20260226_094437,RandomForest,182,2.1284699531287002e-08
20260226_094437,RandomForest,188,7.755806435151818e-07
20260226_094437,RandomForest,190,1.6423538405075882e-08
20260226_094437,RandomForest,194,1.579178544410151e-09
20260226_094437,RandomForest,195,8.526392505603223e-06
20260226_094437,RandomForest,197,1.5461030297808014e-09
20260226_094437,RandomForest,199,4.897166789036987e-06
20260226_094437,RandomForest,201,1.1393048265747985e-07
20260226_094437,RandomForest,203,1.284837116766009e-08
20260226_094437,RandomForest,205,6.78134402116667e-09
20260226_094437,RandomForest,206,2.4573550486862866e-09
20260226_094437,RandomForest,208,2.2655708618094325e-09
20260226_094437,RandomForest,209,1.7588267689954874e-10
20260226_094437,RandomForest,211,4.02316238104523e-09
20260226_094437,RandomForest,213,1.57871064110582e-07
20260226_094437,RandomForest,214,4.1073511567865994e-09
20260226_094437,RandomForest,216,4.234293814235075e-10
20260226_094437,RandomForest,217,4.8306544862155085e-06
20260226_094437,RandomForest,219,1.9964159827693253e-08
20260226_094437,RandomForest,220,6.832739749158045e-06
20260226_094437,RandomForest,222,1.6753335289548567e-08
20260226_094437,RandomForest,223,4.232030188192893e-09
20260226_094437,RandomForest,225,2.8912918906392496e-07
20260226_094437,RandomForest,227,3.86552130939524e-09
20260226_094437,RandomForest,233,4.864374378087188e-06
20260226_094437,RandomForest,234,6.411709537808069e-09
20260226_094437,RandomForest,235,4.108550498476105e-09
20260226_094437,RandomForest,238,3.5113125346221225e-08
20260226_094437,RandomForest,239,5.7247010330553595e-08
20260226_094437,RandomForest,244,4.1301410214925845e-06
20260226_094437,RandomForest,245,3.146931543973857e-08
20260226_094437,RandomForest,246,9.652742990430544e-09
20260226_094437,RandomForest,249,1.6590665224765055e-09
20260226_094437,RandomForest,250,2.204196676320222e-09
20260226_094437,RandomForest,251,1.8504099432259018e-09
20260226_094437,RandomForest,255,6.931971263786792e-06
20260226_094437,RandomForest,256,2.9014184618427163e-09
20260226_094437,RandomForest,257,8.238668690156106e-08
20260226_094437,RandomForest,259,3.3525936823191e-06
20260226_094437,RandomForest,269,3.2416994505920216e-08
20260226_094437,RandomForest,270,8.313997485042793e-06
20260226_094437,RandomForest,271,1.033732192034936e-08
20260226_094437,RandomForest,280,3.833989166300734e-09
20260226_094437,RandomForest,281,1.418701226454289e-08
20260226_094437,RandomForest,282,5.266460937227957e-09
20260226_094437,RandomForest,283,1.6665231020637125e-08
20260226_094437,RandomForest,284,2.5801091921129894e-08
20260226_094437,RandomForest,286,7.083069127226832e-06
20260226_094437,RandomForest,289,1.1850609175660011e-08
20260226_094437,RandomForest,290,1.375807633298588e-09
20260226_094437,RandomForest,291,5.403718549101704e-06
20260226_094437,RandomForest,294,2.4122415992928922e-08
20260226_094437,RandomForest,297,9.562597749581815e-09
20260226_094437,RandomForest,298,2.8502767424712993e-08
20260226_094437,RandomForest,300,3.459578793875921e-07
20260226_094437,RandomForest,305,1.9116052488732183e-07
20260226_094437,RandomForest,307,1.1693100115903968e-07
20260226_094437,RandomForest,308,6.872165525345526e-06
20260226_094437,RandomForest,309,3.7005966352612804e-08
20260226_094437,RandomForest,310,1.1553856167638555e-05
20260226_094437,RandomForest,312,6.730158214567785e-06
20260226_094437,RandomForest,313,1.350285458119027e-07
20260226_094437,RandomForest,314,8.760522500699534e-06
20260226_094437,RandomForest,315,3.882978278382337e-07
20260226_094437,RandomForest,316,5.402633158441766e-09
20260226_094437,RandomForest,317,1.2932928005302089e-05
20260226_094437,RandomForest,318,1.0943522245205672e-05
20260226_094437,RandomForest,321,9.674533711685157e-06
20260226_094437,RandomForest,322,8.58432681487061e-06
20260226_094437,RandomForest,323,3.7899016199119406e-08
20260226_094437,RandomForest,326,7.858550288394759e-06
20260226_094437,RandomForest,330,2.203337908122988e-06
20260226_094437,RandomForest,332,1.800312014895681e-07
20260226_094437,RandomForest,334,2.5930431379478047e-07
20260226_094437,RandomForest,336,2.2943528378482628e-07
20260226_094437,RandomForest,337,8.240114284917744e-10
20260226_094437,RandomForest,339,9.675105898919627e-08
20260226_094437,RandomForest,340,6.663516552942462e-06
20260226_094437,RandomForest,344,3.442953134475347e-05
20260226_094437,RandomForest,345,6.113832380636407e-10
20260226_094437,RandomForest,347,7.906924611875924e-06
20260226_094437,RandomForest,349,1.1268501607486036e-05
20260226_094437,RandomForest,352,1.0113813657922862e-05
20260226_094437,RandomForest,353,6.4688670606527765e-06
20260226_094437,RandomForest,356,3.1572041638224626e-06
20260226_094437,RandomForest,361,1.9821674446989995e-05
20260226_094437,RandomForest,362,4.044329568277011e-06
20260226_094437,RandomForest,363,5.416280297780661e-07
20260226_094437,RandomForest,365,3.981907904753714e-06
20260226_094437,RandomForest,368,4.883511505653606e-10
20260226_094437,RandomForest,369,2.604821048936573e-07
20260226_094437,RandomForest,373,1.03834955699942e-05
20260226_094437,RandomForest,377,4.705871439612516e-06
20260226_094437,RandomForest,381,4.44626916797856e-07
20260226_094437,RandomForest,386,5.247954742550183e-06
20260226_094437,RandomForest,391,8.461882114639643e-06
20260226_094437,RandomForest,394,6.416037544972376e-06
20260226_094437,RandomForest,399,2.1361278664565104e-08
20260226_094437,RandomForest,405,7.880878755603405e-07
20260226_094437,RandomForest,406,3.147447883625186e-06
20260226_094437,RandomForest,407,5.0205285391779254e-08
20260226_094437,RandomForest,408,5.503576353419532e-06
20260226_094437,RandomForest,410,5.398377401661842e-07
20260226_094437,RandomForest,413,6.185473091877423e-06
20260226_094437,RandomForest,416,5.275750846747102e-06
20260226_094437,RandomForest,417,2.9363355850433884e-06
20260226_094437,RandomForest,419,5.23128991225996e-06
20260226_094437,RandomForest,422,8.104925223029719e-06
20260226_094437,RandomForest,424,9.861638692913848e-09
20260226_094437,RandomForest,427,3.321089972530597e-09
20260226_094437,RandomForest,428,8.038313923413089e-08
20260226_094437,RandomForest,433,2.3400893640398186e-09
20260226_094437,RandomForest,438,4.432465322910951e-08
20260226_094437,RandomForest,442,1.9016452067696377e-06
20260226_094437,RandomForest,449,3.5685849974382385e-06
20260226_094437,RandomForest,451,2.020205672544915e-06
20260226_094437,RandomForest,454,9.382006199065958e-08
20260226_094437,RandomForest,455,3.928608674388669e-06
20260226_094437,RandomForest,458,1.078224917256877e-05
20260226_094437,RandomForest,462,7.533163366595593e-06
20260226_094437,RandomForest,464,2.316728229340351e-06
20260226_094437,RandomForest,475,1.1167519264350701e-08
20260226_094437,RandomForest,480,6.925316392696413e-08
20260226_094437,RandomForest,484,1.1389703192982365e-10
20260226_094437,RandomForest,486,4.749373106257286e-09
20260226_094437,RandomForest,488,9.862100358729904e-09
20260226_094437,RandomForest,490,4.599085187935981e-06
20260226_094437,RandomForest,494,1.1058739594783457e-07
20260226_094437,RandomForest,497,5.40226001964859e-06
20260226_094437,RandomForest,503,3.258355405368839e-09
20260226_094437,RandomForest,507,4.4278522906003074e-06
20260226_094437,RandomForest,509,1.0177536362149528e-09
20260226_094437,RandomForest,518,1.4251032651511697e-05
20260226_094437,RandomForest,527,3.566992734676677e-06
20260226_094437,RandomForest,534,2.8517407137173e-07
20260226_094437,RandomForest,535,3.08016028847864e-05
20260226_094437,RandomForest,536,1.915327602102237e-07
20260226_094437,RandomForest,540,2.6810361464689575e-06
20260226_094437,RandomForest,547,3.501045316925777e-06
20260226_094437,RandomForest,550,6.064913786725118e-09
20260226_094437,RandomForest,553,2.072861441580218e-06
20260226_094437,RandomForest,558,3.2561125031668805e-06
20260226_094437,RandomForest,568,1.5982806381977262e-09
20260226_094437,RandomForest,571,3.455367495211927e-08
20260226_094437,RandomForest,574,3.2305166372572523e-06
20260226_094437,RandomForest,575,4.136711747486783e-06
20260226_094437,RandomForest,578,1.775498214144821e-10
20260226_094437,RandomForest,590,2.2249219262212623e-09
20260226_094437,RandomForest,591,2.4865184798778223e-10
20260226_094437,RandomForest,593,1.0033464872726436e-05
20260226_094437,RandomForest,596,1.8940929363995016e-10
20260226_094437,RandomForest,598,2.443085842407619e-10
20260226_094437,RandomForest,612,9.83758794412774e-09
20260226_094437,RandomForest,613,2.5788056745173455e-06
20260226_094437,RandomForest,616,8.242208259412708e-10
20260226_094437,RandomForest,617,4.796418858636317e-11
20260226_094437,RandomForest,620,3.937646013739717e-06
20260226_094437,RandomForest,629,2.337766851595744e-09
20260226_094437,RandomForest,631,2.4799328429912427e-07
20260226_094437,RandomForest,638,2.2957510623592595e-06
20260226_094437,RandomForest,645,4.507147281187708e-06
20260226_094437,RandomForest,646,1.316956082946451e-06
20260226_094437,RandomForest,652,5.741274582335935e-06
20260226_094437,RandomForest,653,3.1373629500027575e-09
20260226_094437,RandomForest,657,1.7828473167953747e-09
20260226_094437,RandomForest,659,5.587467654881688e-09
20260226_094437,RandomForest,663,1.3266046429448539e-05
20260226_094437,RandomForest,665,1.4757044473970538e-05
20260226_094437,RandomForest,666,6.231098001499664e-09
20260226_094437,RandomForest,667,4.822232858506613e-08
20260226_094437,RandomForest,668,9.025879262930125e-06
20260226_094437,RandomForest,669,3.892996346970799e-06
20260226_094437,RandomForest,670,1.5268383246704283e-05
20260226_094437,RandomForest,671,1.7971213318606417e-07
20260226_094437,RandomForest,672,1.3403256485198963e-06
20260226_094437,RandomForest,673,3.0343483277206526e-05
20260226_094437,RandomForest,674,1.4765336705566845e-05
20260226_094437,RandomForest,675,5.50255048238041e-06
20260226_094437,RandomForest,676,4.316489480790933e-06
20260226_094437,RandomForest,678,2.7624761041522063e-06
20260226_094437,RandomForest,679,8.866625488847307e-08
20260226_094437,RandomForest,681,8.865647326207593e-08
20260226_094437,RandomForest,683,2.4200731262145193e-05
20260226_094437,RandomForest,685,2.8342770318081943e-06
20260226_094437,RandomForest,686,1.2717942767996532e-05
20260226_094437,RandomForest,687,1.062858227674803e-05
20260226_094437,RandomForest,690,1.4760838747977855e-06
20260226_094437,RandomForest,693,7.971288720285317e-06
20260226_094437,RandomForest,694,4.278133177357649e-06
20260226_094437,RandomForest,695,3.3933552093665006e-07
20260226_094437,RandomForest,698,1.1980932396906074e-07
20260226_094437,RandomForest,702,3.979209883606954e-06
20260226_094437,RandomForest,703,1.148534527604163e-06
20260226_094437,RandomForest,704,7.762869988237645e-07
20260226_094437,RandomForest,708,8.13594340422628e-06
20260226_094437,RandomForest,709,5.983578574937739e-08
20260226_094437,RandomForest,710,4.6688423321704635e-08
20260226_094437,RandomForest,711,4.680038743799608e-06
20260226_094437,RandomForest,712,1.9747274655936366e-07
20260226_094437,RandomForest,714,3.0547684834905135e-06
20260226_094437,RandomForest,716,5.008335960984175e-08
20260226_094437,RandomForest,718,4.019282136765743e-08
20260226_094437,RandomForest,720,3.5497520343296584e-05
20260226_094437,RandomForest,722,3.611216507359319e-05
20260226_094437,RandomForest,723,2.261688462145503e-07
20260226_094437,RandomForest,725,2.454196987697725e-06
20260226_094437,RandomForest,726,7.584312090091855e-08
20260226_094437,RandomForest,728,1.9241629785693274e-07
20260226_094437,RandomForest,729,3.1922834787902495e-06
20260226_094437,RandomForest,730,2.710348131379249e-05
20260226_094437,RandomForest,731,8.988234851985791e-08
20260226_094437,RandomForest,732,4.254067872097912e-07
20260226_094437,RandomForest,733,1.2901068507981298e-05
20260226_094437,RandomForest,734,4.299192886134807e-06
20260226_094437,RandomForest,740,6.661709283495615e-09
20260226_094437,RandomForest,741,5.227452588732502e-11
20260226_094437,RandomForest,743,8.649133278907411e-08
20260226_094437,RandomForest,745,9.233249639456802e-09
20260226_094437,RandomForest,746,5.1208331938859335e-06
20260226_094437,RandomForest,747,1.9652384854244676e-09
20260226_094437,RandomForest,748,1.4060349168211687e-05
20260226_094437,RandomForest,749,7.407003707269704e-06
20260226_094437,RandomForest,752,3.235422794366481e-06
20260226_094437,RandomForest,753,2.8615478580375063e-08
20260226_094437,RandomForest,756,1.4460562108355802e-09
20260226_094437,RandomForest,757,7.080729137298397e-09
20260226_094437,RandomForest,758,1.0372066370610232e-07
20260226_094437,RandomForest,760,6.523107238660791e-09
20260226_094437,RandomForest,762,4.510196778319864e-08
20260226_094437,RandomForest,763,1.5356629298551953e-08
20260226_094437,RandomForest,764,1.261342631204453e-08
20260226_094437,RandomForest,765,1.977861981722556e-09
20260226_094437,RandomForest,770,1.2393903753483256e-08
20260226_094437,RandomForest,774,2.0799400485037426e-06
20260226_094437,RandomForest,775,1.827884036952076e-09
20260226_094437,RandomForest,777,1.5901450756714422e-08
20260226_094437,RandomForest,781,1.6053082651628628e-08
20260226_094437,RandomForest,782,5.801826716530569e-06
20260226_094437,RandomForest,783,2.5274286777770956e-10
20260226_094437,RandomForest,784,6.969367223842407e-08
20260226_094437,RandomForest,785,1.9611297881166722e-08
20260226_094437,RandomForest,786,5.506411225892642e-07
20260226_094437,RandomForest,787,4.2265614581784264e-05
20260226_094437,RandomForest,788,1.0696211900567384e-05
20260226_094437,RandomForest,790,5.6635145931147357e-05
20260226_094437,RandomForest,791,5.662478349064066e-07
20260226_094437,RandomForest,792,2.7191100226451413e-07
20260226_094437,RandomForest,793,3.294907915787578e-06
20260226_094437,RandomForest,794,1.4362503569036112e-05
20260226_094437,RandomForest,795,3.270203894181108e-05
20260226_094437,RandomForest,796,3.5884049946820023e-07
20260226_094437,RandomForest,798,2.7550659405120186e-07
20260226_094437,RandomForest,799,3.7311408636953436e-07
20260226_094437,RandomForest,800,4.364824824863756e-05
20260226_094437,RandomForest,802,2.5360335333868263e-06
20260226_094437,RandomForest,804,1.7649360080169437e-05
20260226_094437,RandomForest,807,2.8119081220367982e-06
20260226_094437,RandomForest,809,6.43707689835635e-07
20260226_094437,RandomForest,810,5.142662050152331e-06
20260226_094437,RandomForest,811,7.617330017618251e-06
20260226_094437,RandomForest,812,3.145184058220159e-07
20260226_094437,RandomForest,813,1.6432494308291867e-05
20260226_094437,RandomForest,817,1.314869134109349e-05
20260226_094437,RandomForest,818,1.8935446490236475e-08
20260226_094437,RandomForest,819,1.4132967607627436e-06
20260226_094437,RandomForest,820,7.156313164886753e-06
20260226_094437,RandomForest,821,3.745632492858481e-07
20260226_094437,RandomForest,822,1.1692501490294814e-05
20260226_094437,RandomForest,823,1.0812762673912202e-05
20260226_094437,RandomForest,824,2.101219901780092e-05
20260226_094437,RandomForest,825,3.687304377799337e-06
20260226_094437,RandomForest,826,8.079861161294834e-08
20260226_094437,RandomForest,827,7.790320675566858e-06
20260226_094437,RandomForest,830,2.0587659254021394e-05
20260226_094437,RandomForest,831,2.0374660629484682e-05
20260226_094437,RandomForest,832,9.76703994048364e-08
20260226_094437,RandomForest,833,5.060301193884425e-06
20260226_094437,RandomForest,834,2.6216053987795468e-06
20260226_094437,RandomForest,835,3.486909020172707e-06
20260226_094437,RandomForest,836,4.1763951613477815e-07
20260226_094437,RandomForest,838,8.516412226041882e-07
20260226_094437,RandomForest,840,6.9580793131620935e-06
20260226_094437,RandomForest,843,1.3208622397977434e-05
20260226_094437,RandomForest,844,4.413090445828533e-06
20260226_094437,RandomForest,845,1.1207124546533272e-07
20260226_094437,RandomForest,846,7.277631777011831e-06
20260226_094437,RandomForest,847,2.1745462442029467e-06
20260226_094437,RandomForest,849,3.9158133073829633e-08
20260226_094437,RandomForest,852,4.088469723963922e-06
20260226_094437,RandomForest,853,3.575530364554425e-06
20260226_094437,RandomForest,854,3.807460722420071e-05
20260226_094437,RandomForest,856,2.131864344272523e-06
20260226_094437,RandomForest,858,1.993288514808311e-05
20260226_094437,RandomForest,859,5.213786921155051e-06
20260226_094437,RandomForest,860,1.1618726980612786e-05
20260226_094437,RandomForest,861,3.5268182383486625e-05
20260226_094437,RandomForest,862,2.5626220271380944e-05
20260226_094437,RandomForest,863,4.35718665985136e-06
20260226_094437,RandomForest,864,2.1622809193270645e-05
20260226_094437,RandomForest,865,3.3061461950526663e-06
20260226_094437,RandomForest,869,1.843253101387907e-06
20260226_094437,RandomForest,870,3.418862849167421e-09
20260226_094437,RandomForest,871,2.8097558899103065e-06
20260226_094437,RandomForest,872,8.237185150459889e-06
20260226_094437,RandomForest,873,3.344883948943316e-06
20260226_094437,RandomForest,874,1.8791600061344597e-05
20260226_094437,RandomForest,875,1.8808109811080375e-06
20260226_094437,RandomForest,876,1.0283640946494365e-05
20260226_094437,RandomForest,877,5.776337587503211e-06
20260226_094437,RandomForest,878,4.729172423388118e-08
20260226_094437,RandomForest,879,5.474366236636372e-06
20260226_094437,RandomForest,880,1.629351072057476e-05
20260226_094437,RandomForest,882,2.312753512735184e-05
20260226_094437,RandomForest,883,4.166240144132902e-05
20260226_094437,RandomForest,885,8.953831378402224e-06
20260226_094437,RandomForest,886,2.5533232926780177e-06
20260226_094437,RandomForest,887,2.1941812037983148e-06
20260226_094437,RandomForest,888,1.3871200141746717e-05
20260226_094437,RandomForest,889,5.979730795543891e-05
20260226_094437,RandomForest,891,2.05679625588905e-05
20260226_094437,RandomForest,892,3.5432217478137124e-06
20260226_094437,RandomForest,893,3.5684054159723183e-06
20260226_094437,RandomForest,894,4.9626819414550265e-06
20260226_094437,RandomForest,895,1.622680810413469e-07
20260226_094437,RandomForest,898,1.4219041119781939e-05
20260226_094437,RandomForest,899,2.6937258217525575e-05
20260226_094437,RandomForest,900,1.1266415183096183e-07
20260226_094437,RandomForest,901,1.2456642965064627e-07
20260226_094437,RandomForest,902,1.8124727350353285e-05
20260226_094437,RandomForest,905,6.601367393940774e-06
20260226_094437,RandomForest,906,5.042700480298949e-06
20260226_094437,RandomForest,909,3.2788323370594695e-06
20260226_094437,RandomForest,910,2.62297734045377e-06
20260226_094437,RandomForest,912,3.883431583646518e-06
20260226_094437,RandomForest,913,1.5163673075692314e-07
20260226_094437,RandomForest,915,3.567472731335078e-05
20260226_094437,RandomForest,916,1.0100656216695188e-05
20260226_094437,RandomForest,917,2.2555264858382795e-05
20260226_094437,RandomForest,918,7.314561576754243e-06
20260226_094437,RandomForest,919,1.1535707334606669e-05
20260226_094437,RandomForest,920,4.560269211483517e-05
20260226_094437,RandomForest,922,6.5800876718957346e-06
20260226_094437,RandomForest,923,4.456216531008255e-06
20260226_094437,RandomForest,924,5.171864137368007e-06
20260226_094437,RandomForest,925,1.0217471087419805e-05
20260226_094437,RandomForest,926,4.606810095964119e-05
20260226_094437,RandomForest,927,3.079474304457985e-05
20260226_094437,RandomForest,928,1.3125123044815069e-05
20260226_094437,RandomForest,929,2.2747023052235706e-05
20260226_094437,RandomForest,932,1.6624452480686388e-05
20260226_094437,RandomForest,933,1.0626173505113676e-08
20260226_094437,RandomForest,935,4.310591007309512e-05
20260226_094437,RandomForest,936,1.6124189958003896e-05
20260226_094437,RandomForest,937,5.569874779605107e-05
20260226_094437,RandomForest,938,4.193176518739668e-06
20260226_094437,RandomForest,940,2.920345797931293e-06
20260226_094437,RandomForest,941,4.193450068694743e-06
20260226_094437,RandomForest,942,4.668657483819602e-06
20260226_094437,RandomForest,944,1.76946732304472e-05
20260226_094437,RandomForest,945,1.846821838179326e-06
20260226_094437,RandomForest,947,4.2306899167926556e-05
20260226_094437,RandomForest,948,9.122738726513302e-06
20260226_094437,RandomForest,949,1.0992045420686944e-05
20260226_094437,RandomForest,950,2.4983838857214865e-06
20260226_094437,RandomForest,954,3.894945157536111e-06
20260226_094437,RandomForest,955,4.554906326099646e-09
20260226_094437,RandomForest,964,5.8806668512748237e-08
20260226_094437,RandomForest,974,5.117132648365322e-08
20260226_094437,RandomForest,978,3.653060302927962e-06
20260226_094437,RandomForest,979,6.9474336867773986e-06
20260226_094437,RandomForest,980,1.3140829426747497e-05
20260226_094437,RandomForest,981,1.2287133334338204e-05
20260226_094437,RandomForest,985,1.221847097766629e-05
20260226_094437,RandomForest,986,1.5220413015951212e-05
20260226_094437,RandomForest,988,2.21994986075979e-06
20260226_094437,RandomForest,991,4.618348558533824e-06
20260226_094437,RandomForest,992,4.237257396753008e-05
20260226_094437,RandomForest,993,2.9253725704532505e-06
20260226_094437,RandomForest,994,3.100644066786288e-08
20260226_094437,RandomForest,997,2.4200445802283864e-06
20260226_094437,RandomForest,998,3.476228713051359e-07
20260226_094437,RandomForest,1000,1.6267783803641468e-06
20260226_094437,RandomForest,1006,6.010675975476637e-10
20260226_094437,RandomForest,1012,3.784501945258107e-07
20260226_094437,RandomForest,1013,6.142286443343861e-06
20260226_094437,RandomForest,1014,3.2915609062191787e-05
20260226_094437,RandomForest,1018,2.746023367037053e-07
20260226_094437,RandomForest,1019,6.768617487334708e-07
20260226_094437,RandomForest,1023,1.487466161777606e-05
20260226_094437,RandomForest,1026,8.0395936791724e-06
20260226_094437,RandomForest,1029,2.3812608664568664e-07
20260226_094437,RandomForest,1042,2.8498369744445897e-10
20260226_094437,RandomForest,1048,6.867996366236181e-06
20260226_094437,RandomForest,1055,4.538641152385121e-09
20260226_094437,RandomForest,1058,1.5756524490204454e-10
20260226_094437,RandomForest,1060,1.357362843430217e-06
20260226_094437,RandomForest,1065,1.7878318445650234e-08
20260226_094437,RandomForest,1075,1.4849871929128025e-09
20260226_094437,RandomForest,1082,3.760750050103751e-10
20260226_094437,RandomForest,1084,1.884798054259018e-05
20260226_094437,RandomForest,1088,2.40584455040505e-05
20260226_094437,RandomForest,1094,1.996129225018871e-10
20260226_094437,RandomForest,1096,1.6899243146157845e-09
20260226_094437,RandomForest,1115,6.498807127950926e-09
20260226_094437,RandomForest,1118,8.625683147853149e-10
20260226_094437,RandomForest,1125,5.918457787573133e-10
20260226_094437,RandomForest,1133,1.157992791835524e-10
20260226_094437,RandomForest,1135,2.0349249395762803e-06
20260226_094437,RandomForest,1138,9.842026042854082e-11
20260226_094437,RandomForest,1142,6.6543909968474e-06
20260226_094437,RandomForest,1154,7.57601744790273e-08
20260226_094437,RandomForest,1155,1.1821273942485845e-07
20260226_094437,RandomForest,1159,7.943546275742345e-06
20260226_094437,RandomForest,1161,3.4533159812922165e-06
20260226_094437,RandomForest,1167,1.6608556052021805e-09
20260226_094437,RandomForest,1173,1.0226506667858931e-10
20260226_094437,RandomForest,1174,1.0562632325997599e-07
20260226_094437,RandomForest,1179,3.6816867307197138e-09
20260226_094437,RandomForest,1180,5.399394163860303e-06
20260226_094437,RandomForest,1184,4.249514058576428e-08
20260226_094437,RandomForest,1186,1.9838129732959556e-08
20260226_094437,RandomForest,1188,5.2659276448063e-10
20260226_094437,RandomForest,1190,1.3634203023080746e-08
20260226_094437,RandomForest,1197,3.864119994880936e-09
20260226_094437,RandomForest,1198,1.5904658418262171e-07
20260226_094437,RandomForest,1207,2.5240179331528142e-05
20260226_094437,RandomForest,1211,2.5697566785417404e-06
20260226_094437,RandomForest,1223,2.5086190689792575e-07
20260226_094437,RandomForest,1229,2.779058919921058e-09
20260226_094437,RandomForest,1230,7.25958813510453e-08
20260226_094437,RandomForest,1234,2.768552187679331e-07
20260226_094437,RandomForest,1235,2.6389784159417836e-09
20260226_094437,RandomForest,1239,5.953882185659755e-10
20260226_094437,RandomForest,1248,1.8825637044772806e-09
20260226_094437,RandomForest,1250,3.4092652680717817e-06
20260226_094437,RandomForest,1253,6.39298771890696e-06
20260226_094437,RandomForest,1254,0.01966888706165841
20260226_094437,RandomForest,1255,0.0011474697437169096
20260226_094437,RandomForest,1256,0.0004195234128473108
20260226_094437,RandomForest,1257,9.967179932801651e-05
20260226_094437,RandomForest,1258,0.00011404599566319666
20260226_094437,RandomForest,1259,0.00021180023671883106
20260226_094437,RandomForest,1260,1.96974235474486e-05
20260226_094437,RandomForest,1261,0.00010998174095864065
20260226_094437,RandomForest,1262,3.401549894515304e-05
20260226_094437,RandomForest,1263,2.6536052470583245e-05
20260226_094437,RandomForest,1264,4.719354445918252e-05
20260226_094437,RandomForest,1265,4.992794038564972e-05
20260226_094437,RandomForest,1266,6.790053807958756e-05
20260226_094437,RandomForest,1267,2.1623409713326105e-05
20260226_094437,RandomForest,1270,2.0059713574070545e-05
20260226_094437,RandomForest,1273,6.354577767883439e-06
20260226_094437,RandomForest,1274,6.740185398963053e-07
20260226_094437,RandomForest,1276,9.206648759316377e-06
20260226_094437,RandomForest,1277,3.744666217333666e-05
20260226_094437,RandomForest,1278,1.5938830115489127e-05
20260226_094437,RandomForest,1279,6.721616481405238e-06
20260226_094437,RandomForest,1280,1.7218697069320234e-06
20260226_094437,RandomForest,1282,5.5842518802666974e-08
20260226_094437,RandomForest,1287,2.4732344906296833e-06
20260226_094437,RandomForest,1288,1.0544406381209958e-08
20260226_094437,RandomForest,1289,4.922248777210146e-06
20260226_094437,RandomForest,1290,5.7328845017062084e-09
20260226_094437,RandomForest,1293,9.229037251381295e-06
20260226_094437,RandomForest,1294,3.3510255851530764e-06
20260226_094437,RandomForest,1296,4.4867323230656694e-08
20260226_094437,RandomForest,1297,1.0807113887726667e-08
20260226_094437,RandomForest,1298,5.737522800686334e-09
20260226_094437,RandomForest,1300,3.3428348661034946e-08
20260226_094437,RandomForest,1301,2.0639544198864517e-06
20260226_094437,RandomForest,1305,6.500588143865458e-06
20260226_094437,RandomForest,1311,3.1200167454448193e-09
20260226_094437,RandomForest,1314,2.9696778618223136e-08
20260226_094437,RandomForest,1316,3.5999989894211616e-09
20260226_094437,RandomForest,1317,2.317020896208595e-06
20260226_094437,RandomForest,1318,1.4645721044357671e-08
20260226_094437,RandomForest,1319,1.9312959949472906e-08
20260226_094437,RandomForest,1321,4.4467412936648493e-10
20260226_094437,RandomForest,1322,4.534776865743663e-06
20260226_094437,RandomForest,1323,1.2329945527297315e-10
20260226_094437,RandomForest,1324,7.1114765760791995e-09
20260226_094437,RandomForest,1327,1.861019631036077e-07
20260226_094437,RandomForest,1329,1.0174821988190512e-09
20260226_094437,RandomForest,1330,1.6734979467557277e-08
20260226_094437,RandomForest,1331,1.4884490664904625e-09
20260226_094437,RandomForest,1332,1.0438113327960369e-05
20260226_094437,RandomForest,1334,8.384473304667077e-08
20260226_094437,RandomForest,1339,2.768096580221299e-09
20260226_094437,RandomForest,1340,1.5876737334496352e-09
20260226_094437,RandomForest,1342,9.408964655410049e-09
20260226_094437,RandomForest,1343,4.387919476745917e-09
20260226_094437,RandomForest,1346,2.316736261448638e-09
20260226_094437,RandomForest,1350,1.4607974614271794e-09
20260226_094437,RandomForest,1354,2.84643893609443e-09
20260226_094437,RandomForest,1358,3.38707857428609e-06
20260226_094437,RandomForest,1359,7.464777979944359e-10
20260226_094437,RandomForest,1360,2.1952263804600137e-10
20260226_094437,RandomForest,1363,2.810917383412574e-09
20260226_094437,RandomForest,1366,9.28848853796368e-09
20260226_094437,RandomForest,1367,1.116390328521518e-10
20260226_094437,RandomForest,1370,5.5262902203677245e-09
20260226_094437,RandomForest,1371,5.4826833598302266e-08
20260226_094437,RandomForest,1372,3.724854788875019e-06
20260226_094437,RandomForest,1373,7.443746852180318e-09
20260226_094437,RandomForest,1375,1.6376047694987404e-10
20260226_094437,RandomForest,1376,1.0610992212157557e-05
20260226_094437,RandomForest,1379,9.302638458982093e-09
20260226_094437,RandomForest,1380,5.347829883993248e-06
20260226_094437,RandomForest,1384,4.2602421660827685e-09
20260226_094437,RandomForest,1387,8.433081088282763e-10
20260226_094437,RandomForest,1388,3.4993060987105648e-09
20260226_094437,RandomForest,1389,1.0531876294777168e-08
20260226_094437,RandomForest,1390,3.1664324366099755e-09
20260226_094437,RandomForest,1392,6.242438173876986e-09
20260226_094437,RandomForest,1395,7.815189320467681e-06
20260226_094437,RandomForest,1402,2.6276413814414964e-10
20260226_094437,RandomForest,1403,8.76745489260466e-09
20260226_094437,RandomForest,1405,2.663525742971575e-08
20260226_094437,RandomForest,1412,9.196520765058129e-07
20260226_094437,RandomForest,1416,4.8349596274277e-09
20260226_094437,RandomForest,1420,4.913912539450573e-08
20260226_094437,RandomForest,1424,3.860748312068638e-10
20260226_094437,RandomForest,1430,1.2504410050529e-10
20260226_094437,RandomForest,1431,4.1504464117331877e-10
20260226_094437,RandomForest,1432,1.100491640681131e-08
20260226_094437,RandomForest,1437,2.8936327976359777e-08
20260226_094437,RandomForest,1441,1.5430694396795986e-07
20260226_094437,RandomForest,1442,5.1962622164063055e-06
20260226_094437,RandomForest,1443,1.1769683092648893e-08
20260226_094437,RandomForest,1448,8.757097615001764e-06
20260226_094437,RandomForest,1458,4.4793590930480534e-09
20260226_094437,RandomForest,1459,5.307674883723322e-08
20260226_094437,RandomForest,1460,9.213019690561948e-09
20260226_094437,RandomForest,1463,1.1086191833086559e-08
20260226_094437,RandomForest,1469,5.578859053647849e-06
20260226_094437,RandomForest,1471,1.9374216273485394e-08
20260226_094437,RandomForest,1478,1.0275097835823395e-07
20260226_094437,RandomForest,1479,4.558887906653075e-08
20260226_094437,RandomForest,1484,3.1497199060958533e-06
20260226_094437,RandomForest,1485,2.0088872678174973e-09
20260226_094437,RandomForest,1486,5.102574612262328e-07
20260226_094437,RandomForest,1487,9.050483783780365e-09
20260226_094437,RandomForest,1488,6.232458274491857e-06
20260226_094437,RandomForest,1489,4.501260493284756e-10
20260226_094437,RandomForest,1490,1.7886498237058115e-06
20260226_094437,RandomForest,1492,7.72595626206952e-06
20260226_094437,RandomForest,1493,1.1465816640664378e-05
20260226_094437,RandomForest,1494,9.481703925442453e-09
20260226_094437,RandomForest,1495,3.1200434387870634e-06
20260226_094437,RandomForest,1496,3.873762109583474e-05
20260226_094437,RandomForest,1497,1.1924155306434591e-05
20260226_094437,RandomForest,1498,9.168249219647428e-06
20260226_094437,RandomForest,1499,8.107875935786866e-06
20260226_094437,RandomForest,1500,1.0271296935083491e-05
20260226_094437,RandomForest,1502,2.896156651020912e-05
20260226_094437,RandomForest,1503,2.5671400965291733e-05
20260226_094437,RandomForest,1504,2.98974552374531e-05
20260226_094437,RandomForest,1505,6.205683264060931e-06
20260226_094437,RandomForest,1509,1.5671453012081164e-09
20260226_094437,RandomForest,1512,5.118319909330283e-07
20260226_094437,RandomForest,1514,1.8606992247247052e-05
20260226_094437,RandomForest,1515,2.945977212358084e-06
20260226_094437,RandomForest,1516,8.78437121967338e-06
20260226_094437,RandomForest,1517,8.967933142717724e-06
20260226_094437,RandomForest,1518,1.4128594372153208e-05
20260226_094437,RandomForest,1520,4.2104961279254765e-06
20260226_094437,RandomForest,1521,1.92941209557886e-05
20260226_094437,RandomForest,1523,3.340989556618247e-05
20260226_094437,RandomForest,1524,3.1126850512402896e-05
20260226_094437,RandomForest,1525,1.6362043036822434e-05
20260226_094437,RandomForest,1527,7.69746097904763e-06
20260226_094437,RandomForest,1529,1.6182897494782874e-05
20260226_094437,RandomForest,1530,3.027861174521775e-05
20260226_094437,RandomForest,1531,1.1229505433572161e-05
20260226_094437,RandomForest,1532,2.0735159871900427e-05
20260226_094437,RandomForest,1533,3.995517482003223e-06
20260226_094437,RandomForest,1534,9.892942445507275e-06
20260226_094437,RandomForest,1540,2.8682600522157114e-08
20260226_094437,RandomForest,1549,3.920874487781105e-09
20260226_094437,RandomForest,1550,9.795042641809453e-10
20260226_094437,RandomForest,1553,2.9710267751258514e-09
20260226_094437,RandomForest,1554,1.5067972229967852e-09
20260226_094437,RandomForest,1557,2.8093527870093577e-06
20260226_094437,RandomForest,1559,5.681612867096731e-06
20260226_094437,RandomForest,1563,5.437410643224841e-11
20260226_094437,RandomForest,1568,1.441687618082183e-07
20260226_094437,RandomForest,1569,4.068141225736501e-07
20260226_094437,RandomForest,1570,7.172448865032653e-06
20260226_094437,RandomForest,1572,1.5252891490558474e-07
20260226_094437,RandomForest,1573,7.600274350435956e-09
20260226_094437,RandomForest,1574,2.0054507962801384e-09
20260226_094437,RandomForest,1581,3.8340172922941446e-06
20260226_094437,RandomForest,1582,2.2216500940454972e-05
20260226_094437,RandomForest,1583,4.7960369810926295e-06
20260226_094437,RandomForest,1586,5.192895278582756e-06
20260226_094437,RandomForest,1587,1.9863281915788236e-06
20260226_094437,RandomForest,1589,7.73127197263179e-09
20260226_094437,RandomForest,1593,5.7291405462764955e-06
20260226_094437,RandomForest,1600,4.448141370216725e-08
20260226_094437,RandomForest,1603,1.693231024781636e-09
20260226_094437,RandomForest,1609,8.103994061761882e-10
20260226_094437,RandomForest,1616,1.5938544275044663e-10
20260226_094437,RandomForest,1625,4.8754181674697665e-06
20260226_094437,RandomForest,1627,2.315565726133639e-09
20260226_094437,RandomForest,1634,1.329602415368165e-10
20260226_094437,RandomForest,1637,3.8519534541617685e-11
20260226_094437,RandomForest,1641,7.121516910980735e-09
20260226_094437,RandomForest,1642,6.793279707061418e-10
20260226_094437,RandomForest,1645,5.881693785441422e-10
20260226_094437,RandomForest,1654,1.278502773106762e-09
20260226_094437,RandomForest,1658,1.000547711605369e-09
20260226_094437,RandomForest,1661,3.0549871533823704e-10
20260226_094437,RandomForest,1662,8.3643340627912e-10
20260226_094437,RandomForest,1665,1.4186667228164264e-09
20260226_094437,RandomForest,1669,9.838804125674587e-11
20260226_094437,RandomForest,1671,8.148242427930734e-09
20260226_094437,RandomForest,1673,6.042645281465752e-09
20260226_094437,RandomForest,1681,1.6324687897874253e-07
20260226_094437,RandomForest,1704,1.1266816614876724e-09
20260226_094437,RandomForest,1705,3.049753840933068e-11
20260226_094437,RandomForest,1710,2.4029046204469115e-10
20260226_094437,RandomForest,1714,3.6150466555983704e-08
20260226_094437,RandomForest,1715,1.0879858757258606e-07
20260226_094437,RandomForest,1722,1.3509499946649934e-08
20260226_094437,RandomForest,1724,7.987832035401287e-10
20260226_094437,RandomForest,1730,2.0548274821098073e-09
20260226_094437,RandomForest,1739,2.5056772598575118e-06
20260226_094437,RandomForest,1744,5.344574472733829e-06
20260226_094437,RandomForest,1752,1.3559724771823883e-10
20260226_094437,RandomForest,1756,3.971960800609171e-09
20260226_094437,RandomForest,1759,1.0445451712464082e-09
20260226_094437,RandomForest,1760,1.0522742170754232e-07
20260226_094437,RandomForest,1762,6.929458381028387e-06
20260226_094437,RandomForest,1771,5.211421359893868e-08
20260226_094437,RandomForest,1777,2.79644424409267e-10
20260226_094437,RandomForest,1785,1.1994961721608521e-09
20260226_094437,RandomForest,1788,1.2856047997273828e-09
20260226_094437,RandomForest,1793,5.314913018568696e-10
20260226_094437,RandomForest,1797,1.0234094520561354e-09
20260226_094437,RandomForest,1801,4.417610721672314e-09
20260226_094437,RandomForest,1802,7.340344852472868e-06
20260226_094437,RandomForest,1804,6.956525604826723e-06
20260226_094437,RandomForest,1805,1.577903491008989e-05
20260226_094437,RandomForest,1806,2.1644612019923383e-05
20260226_094437,RandomForest,1807,3.384136529624566e-05
20260226_094437,RandomForest,1809,9.587992562964646e-06
20260226_094437,RandomForest,1812,2.2959137606299734e-06
20260226_094437,RandomForest,1813,1.0349041029747674e-09
20260226_094437,RandomForest,1815,9.374817051392577e-06
20260226_094437,RandomForest,1817,2.290679363507085e-06
20260226_094437,RandomForest,1818,1.1684487873553426e-06
20260226_094437,RandomForest,1819,3.4765739521257203e-09
20260226_094437,RandomForest,1820,7.615633856554431e-10
20260226_094437,RandomForest,1822,2.7672729006727713e-08
20260226_094437,RandomForest,1823,2.194551701770691e-06
20260226_094437,RandomForest,1824,1.4429986248406295e-05
20260226_094437,RandomForest,1828,4.448987282320443e-06
20260226_094437,RandomForest,1830,4.683052260050698e-09
20260226_094437,RandomForest,1836,6.823067498271546e-06
20260226_094437,RandomForest,1837,1.0304929938649432e-09
20260226_094437,RandomForest,1838,3.022694660896756e-08
20260226_094437,RandomForest,1846,8.060676875105388e-07
20260226_094437,RandomForest,1847,2.7976288558408357e-09
20260226_094437,RandomForest,1851,3.711818358124728e-09
20260226_094437,RandomForest,1854,1.1288222723033775e-09
20260226_094437,RandomForest,1855,1.7021008166341814e-06
20260226_094437,RandomForest,1857,2.8795543541224263e-08
20260226_094437,RandomForest,1863,4.283614576605078e-08
20260226_094437,RandomForest,1864,4.020067163593579e-06
20260226_094437,RandomForest,1872,1.4806893988014034e-06
20260226_094437,RandomForest,1877,6.509815586864364e-08
20260226_094437,RandomForest,1879,2.1649218106584333e-09
20260226_094437,RandomForest,1882,2.5613645487562755e-08
20260226_094437,RandomForest,1883,1.315344833480835e-07
20260226_094437,RandomForest,1884,3.342950242317271e-09
20260226_094437,RandomForest,1887,3.4895019475979563e-06
20260226_094437,RandomForest,1888,1.6165404242965984e-07
20260226_094437,RandomForest,1896,3.5460005526592833e-06
20260226_094437,RandomForest,1920,1.2794514511136447e-06
20260226_094437,RandomForest,1930,6.092750391010087e-07
20260226_094437,RandomForest,1931,1.0600864833272323e-05
20260226_094437,RandomForest,1935,9.962611103007724e-09
20260226_094437,RandomForest,1937,1.4593348945285954e-10
20260226_094437,RandomForest,1939,9.508732931221322e-06
20260226_094437,RandomForest,1940,4.5441075879960066e-08
20260226_094437,RandomForest,1953,1.5905080047282784e-08
20260226_094437,RandomForest,1956,3.1642876420770192e-06
20260226_094437,RandomForest,1957,1.9978766026324926e-07
20260226_094437,RandomForest,1964,5.109255375752221e-06
20260226_094437,RandomForest,1968,6.502562446854669e-06
20260226_094437,RandomForest,1973,9.194660004393758e-09
20260226_094437,RandomForest,1981,2.4640975405729477e-08
20260226_094437,RandomForest,1984,5.639690771240013e-06
20260226_094437,RandomForest,1986,6.996463506741717e-06
20260226_094437,RandomForest,1991,9.650177162423892e-08
20260226_094437,RandomForest,1994,8.337592058161604e-11
20260226_094437,RandomForest,2007,8.223168531078413e-08
20260226_094437,RandomForest,2018,1.3134915862970141e-09
20260226_094437,RandomForest,2027,5.346571640565286e-06
20260226_094437,RandomForest,2030,1.9509230288421405e-09
20260226_094437,RandomForest,2033,3.514812807563387e-09
20260226_094437,RandomForest,2036,2.139812205788461e-08
20260226_094437,RandomForest,2044,2.053218573434288e-06
20260226_094437,RandomForest,2048,1.0107823797822684e-10
20260226_094437,RandomForest,2056,7.822684002905294e-08
20260226_094437,RandomForest,2057,4.319066624163111e-06
20260226_094437,RandomForest,2066,5.209205789304558e-10
20260226_094437,RandomForest,2068,5.43871304878371e-07
20260226_094437,RandomForest,2071,2.3305657799432735e-06
20260226_094437,RandomForest,2073,2.2252932704663622e-08
20260226_094437,RandomForest,2074,2.0144158751689396e-07
20260226_094437,RandomForest,2075,8.794680868493934e-06
20260226_094437,RandomForest,2078,2.071076717655985e-07
20260226_094437,RandomForest,2082,2.007324776432629e-06
20260226_094437,RandomForest,2087,3.2213300006429e-06
20260226_094437,RandomForest,2096,8.654304635380661e-07
20260226_094437,RandomForest,2098,3.841402525809191e-06
20260226_094437,RandomForest,2099,2.8512047610976263e-08
20260226_094437,RandomForest,2102,4.353007908805908e-06
20260226_094437,RandomForest,2104,2.559715922547908e-07
20260226_094437,RandomForest,2106,8.506470411142917e-09
20260226_094437,RandomForest,2108,4.167451469345626e-07
20260226_094437,RandomForest,2119,1.4039672596620276e-08
20260226_094437,RandomForest,2120,1.8165236828291303e-06
20260226_094437,RandomForest,2122,8.914079179193792e-10
20260226_094437,RandomForest,2125,6.465323763583632e-06
20260226_094437,RandomForest,2128,1.5436055675654668e-08
20260226_094437,RandomForest,2129,4.926633247080146e-06
20260226_094437,RandomForest,2130,7.774143235861445e-06
20260226_094437,RandomForest,2134,6.9985671607826795e-09
20260226_094437,RandomForest,2136,6.98750354428142e-08
20260226_094437,RandomForest,2138,1.664465379652617e-06
20260226_094437,RandomForest,2139,4.272951776808594e-06
20260226_094437,RandomForest,2143,6.398718934874816e-06
20260226_094437,RandomForest,2144,3.2158075985011346e-05
20260226_094437,RandomForest,2145,1.2910566783557304e-05
20260226_094437,RandomForest,2146,7.570460293912166e-07
20260226_094437,RandomForest,2147,3.615253839122287e-05
20260226_094437,RandomForest,2148,1.7298876156137095e-06
20260226_094437,RandomForest,2150,3.2534568107637604e-05
20260226_094437,RandomForest,2152,9.24747238400944e-08
20260226_094437,RandomForest,2153,4.087648694438773e-06
20260226_094437,RandomForest,2156,4.4050229863690534e-06
20260226_094437,RandomForest,2157,5.700948866285696e-05
20260226_094437,RandomForest,2159,1.3669068872894401e-05
20260226_094437,RandomForest,2160,7.803421613330866e-06
20260226_094437,RandomForest,2162,5.9202608281469955e-06
20260226_094437,RandomForest,2163,6.289478398995246e-06
20260226_094437,RandomForest,2164,7.877063661971812e-06
20260226_094437,RandomForest,2166,7.529273089905801e-06
20260226_094437,RandomForest,2167,9.761105449183212e-05
20260226_094437,RandomForest,2168,1.296931762333181e-05
20260226_094437,RandomForest,2169,2.9896102732580427e-06
20260226_094437,RandomForest,2170,3.333330704375782e-05
20260226_094437,RandomForest,2171,1.650206620216217e-05
20260226_094437,RandomForest,2172,1.5981556368487978e-05
20260226_094437,RandomForest,2173,4.583758726340867e-06
20260226_094437,RandomForest,2174,1.9090258878997966e-06
20260226_094437,RandomForest,2175,6.213492800630142e-06
20260226_094437,RandomForest,2176,1.353763446203027e-05
20260226_094437,RandomForest,2177,2.509494365674884e-06
20260226_094437,RandomForest,2178,2.1483723761619898e-06
20260226_094437,RandomForest,2179,7.731070195844823e-06
20260226_094437,RandomForest,2182,5.1660690164502966e-08
20260226_094437,RandomForest,2183,1.5593172593588253e-05
20260226_094437,RandomForest,2184,0.023654946236398248
